ZehrID	ZehrSeq	NFixDBID	NFixDBSeq	PercIdentity	AlnLength	Mismatches	GapOpens	QueryStart	QueryEnd	SeqStart	SeqEnd	EValue	Score
AAA22008.1|Nostoc_sp._1	nifH	JAHHHC010000005.1_41	vnfH	93	300	15	2	1	299	1	296	3.64e-185	1423
AAA22140.1|Azotobacter_chroococcum_1	nifH	NZ_FOFJ01000003.1_49	nifH	100	292	0	1	1	292	1	291	1.61e-189	1467
AAA22142.1|Azotobacter_vinelandii_1	nifH	NC_021149.1_128	nifH	100	290	1	0	1	290	1	290	5.73e-190	1470
AAA22170.1|Azotobacter_vinelandii_1	nifH	NC_021149.1_247	vnfH	100	290	1	0	1	290	1	290	4.06e-191	1465
AAA26140.1|Rhodobacter_capsulatus_1	nifH	NC_014034.1_568	nifH	95	297	12	1	1	297	1	295	5.63e-186	1442
AAA26316.1|Rhizobium_sp._1	nifH	NC_009937.1_1061	nifH	100	296	1	0	1	296	1	296	4.23e-194	1501
AAA26329.1|Rhizobium_sp._1	nifH	NT_187151.1_17	nifH	100	296	1	0	1	296	1	296	1.01e-192	1491
AAA26463.1|Rhodospirillum_rubrum_1	nifH	NC_007643.1_1036	nifH	100	295	0	0	1	295	1	295	2.13e-194	1503
AAA27374.1|Acidithiobacillus_ferrooxidans_1	nifH	NZ_AP018795.1_2349	nifH	97	299	6	2	1	298	1	297	1.57e-185	1439
AAA33884.1|Rhizobium_sp._1	nifH	NZ_LFIQ01000027.1_51	nifH	100	294	1	0	1	294	1	294	1.71e-192	1489
AAA77022.1|Trichodesmium_thiebautii_1	nifH	NZ_AJLK01000041.1_8	vnfH	79	298	56	3	1	294	1	295	1.57e-151	1178
AAA82508.1|Azotobacter_vinelandii_1	nifH	NC_021149.1_4512	anfH	97	275	8	0	1	275	1	275	8.25e-180	1385
AAA93020.1|Anabaena_variabilis_1	nifH	NZ_CP047242.1_177	nifH	99	296	3	0	1	296	1	296	3.89e-193	1494
AAB02342.1|Azospirillum_brasilense_1	nifH	NZ_CP012914.1_936	nifH	100	293	0	0	1	293	1	293	7.92e-192	1484
AAB09059.1|Desulfovibrio_gigas_1	nifH	NC_022444.1_1199	nifH	100	274	1	0	1	274	1	274	1.49e-180	1399
AAB36876.1|Frankia_sp._1	nifH	JAJYPS010000077.1_4	nifH	85	288	42	1	1	287	1	288	1.84e-163	1277
AAB63257.1|Clostridium_cellobioparum_1	nifH	NZ_AORV01000038.1_18	nifH	90	272	25	2	1	270	1	272	1.41e-155	1217
AAB65801.1|Nostoc_sp._1	nifH	NZ_JACJRU010000003.1_292	vnfH	95	298	12	1	1	298	1	296	1.49e-186	1433
AAC18640.1|Frankia_sp._1	nifH	JAJYPS010000077.1_4	nifH	83	288	47	1	1	287	1	288	2.68e-160	1254
AAC24160.1|Frankia_sp._1	nifH	JABDRL010000192.1_5	nifH	54	291	27	3	1	185	1	291	1.92e-84	693
AAC45588.1|Anabaena_variabilis_1	nifH	NZ_AP018207.1_6268	vnfH	97	296	8	1	1	295	1	296	1.4e-190	1462
AAC64641.1|Fischerella_sp._1	nifH	AP018180.1_799	vnfH	82	325	41	1	1	307	1	325	1.92e-174	1348
AAC64642.1|Fischerella_sp._1	nifH	NZ_AJLK01000041.1_8	vnfH	100	295	0	0	1	295	1	295	1.64e-196	1505
AAF17302.2|Vibrio_diazotrophicus_1	nifH	JANTGD010000128.1_12	nifH	87	242	18	1	1	229	1	242	5.57e-137	1076
AAF61402.2|Vibrio_cincinnatiensis_1	nifH	JANTGD010000128.1_12	nifH	86	242	21	1	1	229	1	242	1.81e-135	1065
AAG35586.1|Azoarcus_sp._1	nifH	JAFEDK010000030.1_51	nifH	91	297	23	2	1	297	1	292	1.9e-174	1358
AAG60754.1|Bradyrhizobium_japonicum_1	nifH	NZ_AJQE01000393.1_27	nifH	100	294	0	0	1	294	1	294	3.22e-192	1487
AAK26105.1|unidentified_bacterium_1	nifH	NZ_RZIJ01000004.1_146	nifH	97	300	9	0	1	300	1	300	4.05e-191	1480
AAK65107.1|Sinorhizobium_meliloti_1	nifH	NZ_JAGIOS010000003.1_580	nifH	100	297	0	0	1	297	1	297	3.53e-195	1509
AAK78234.1|Clostridium_acetobutylicum_1	nifH	NC_003030.1_260	nifH	100	272	0	0	1	272	1	272	3.19e-179	1389
AAL07952.1|uncultured_bacterium_1	nifH	JACQYN010000073.1_8	nifH	59	221	9	2	1	139	1	221	6.21e-69	571
AAM02629.1|Methanopyrus_kandleri_1	nifH	NC_003551.1_1529	nflH	100	266	1	0	1	266	1	266	2.54e-175	1354
AAM04624.1|Methanosarcina_acetivorans_1	nifH	NZ_CP009506.1_3117	anfH	83	275	0	1	1	228	1	275	4.74e-144	1121
AAM05043.1|Methanosarcina_acetivorans_1	nifH	JAGPMN010000029.1_3	nflH	85	283	40	1	1	283	1	281	1.03e-162	1265
AAM06982.1|Methanosarcina_acetivorans_1	nifH	NC_003552.1_3806	nflH	87	265	0	1	1	230	1	265	6.06e-145	1130
AAM07246.1|Methanosarcina_acetivorans_1	nifH	NC_003552.1_4100	nifH	84	273	0	1	1	228	1	273	1.88e-142	1118
AAM14750.1|uncultured_nitrogen-fixing_1	nifH	JACQYN010000073.1_8	nifH	56	221	16	2	1	139	1	221	7.9e-65	541
AAM30210.1|Methanosarcina_mazei_1	nifH	NZ_CP009512.1_828	nflH	86	265	1	1	1	230	1	265	6.06e-145	1130
AAM30415.1|Methanosarcina_mazei_1	nifH	NZ_CP009516.1_737	nifH	83	273	1	1	1	228	1	273	2.36e-141	1110
AAM94690.1|Bradyrhizobium_sp._1	nifH	PLSZ01000426.1_17	nifH	50	220	36	5	1	147	1	218	6.89e-47	410
AAP48978.1|Desulfotomaculum_nigrificans_1	nifH	JAJYNB010000044.1_1	nifH	52	226	15	2	1	132	1	226	8.27e-60	504
AAQ12257.1|Leptospirillum_ferrooxidans_1	nifH	JAKAYF010000064.1_5	nifH	92	291	1	1	1	270	1	291	2.43e-171	1333
AAQ17231.2|Mesorhizobium_ciceri_1	nifH	NZ_CP034451.1_3576	nifH	90	304	5	2	1	287	1	297	1.09e-173	1352
AAR36215.1|Geobacter_sulfurreducens_1	nifH	NC_002939.5_2781	nifH	100	289	0	0	1	289	1	289	1.93e-189	1466
AAS47783.1|uncultured_bacterium_1	nifH	JAEZJK010000009.1_1	nifH	50	222	15	3	1	125	1	222	2.25e-50	434
AAS47803.1|uncultured_bacterium_1	nifH	OMOF01000251.1_5	nifH	50	228	12	2	1	126	1	228	3.56e-56	477
AAT48892.1|uncultured_bacterium_1	nifH	JAEUNY010000115.1_1	nifH	64	224	9	3	1	152	1	224	1.3e-78	643
AAT48900.1|uncultured_bacterium_1	nifH	CAIQXC010000936.1_5	nifH	54	274	6	2	1	153	1	274	7.53e-75	619
AAU90633.1|Methylococcus_capsulatus_1	nifH	NZ_JABWGZ010000012.1_16	nifH	100	293	0	0	1	293	1	293	7.92e-192	1484
AAW39625.1|Dehalococcoides_ethenogenes_1	nifH	NC_002936.3_1093	nifH	100	274	0	0	1	274	1	274	1.61e-181	1406
AAW57049.1|cyanobacterium_endosymbiont_1	nifH	NZ_AP018341.1_1623	nifH	98	290	7	0	1	290	1	290	6.66e-188	1455
AAX07130.1|Paenibacillus_massiliensis_1	nifH	NZ_AUFO01000017.1_22	nifH	100	288	0	0	1	288	1	288	5.17e-190	1470
AAX39400.1|Bradyrhizobium_yuanmingense_1	nifH	NZ_CP036533.1_6535	nifH	83	294	7	2	1	251	1	294	2.59e-151	1186
AAX39403.1|Sinorhizobium_sp._1	nifH	NZ_CP083372.1_93	nifH	82	297	9	2	1	252	1	297	2.62e-150	1179
AAX54864.1|Rhizobium_lusitanum_1	nifH	NZ_JAILYH010000057.1_2	nifH	52	243	17	3	1	144	1	242	8.35e-63	528
AAY78883.1|Lyngbya_majuscula_1	nifH	NZ_LATL02000154.1_15	nifH	100	300	1	0	1	300	1	300	1.26e-196	1520
AAZ46164.1|Dechloromonas_aromatica_1	nifH	DDXB01000046.1_49	nifH	92	298	21	1	1	296	1	298	7.29e-181	1405
AAZ69331.1|Methanosarcina_barkeri_1	nifH	NZ_CP009526.1_670	nflH	100	265	1	0	1	265	1	265	5.27e-173	1337
ABA23651.1|Anabaena_variabilis_1	nifH	NZ_JACJRU010000052.1_19	nifH	96	275	10	0	1	275	1	275	1.32e-178	1385
ABA23658.1|Anabaena_variabilis_1	nifH	NZ_CP047242.1_5234	vnfH	100	324	0	0	1	324	1	324	3.63e-214	1638
ABA89338.1|Pelobacter_carbinolicus_1	nifH	NC_007498.2_2166	nifH	100	292	0	0	1	292	1	292	3.99e-192	1486
ABB28505.1|Chlorobium_chlorochromatii_1	nifH	JAFGMZ010000066.1_3	nifH	97	274	8	0	1	274	1	274	1.37e-179	1392
ABB30904.1|Geobacter_metallireducens_1	nifH	NC_007517.1_668	nifH	100	289	0	0	1	289	1	289	5.44e-190	1470
ABC21599.1|Rhodospirillum_rubrum_1	nifH	JAEZKS010000250.1_8	nflH	60	317	100	4	1	291	1	316	4.89e-121	965
ABC22196.1|Rhodospirillum_rubrum_1	nifH	NC_007643.1_1429	anfH	100	275	0	0	1	275	1	275	9.92e-186	1428
ABC57502.1|Methanosphaera_stadtmanae_1	nifH	NC_007681.1_1091	nflH	100	262	0	0	1	262	1	262	1.09e-175	1356
ABC99975.1|Synechococcus_sp._1	nifH	NZ_JACJRQ010000032.1_53	vnfH	84	298	42	3	1	292	1	297	2.53e-164	1271
ABD13834.1|Frankia_sp._1	nifH	JAJYPS010000077.1_4	nifH	85	288	42	1	1	287	1	288	5.17e-164	1281
ABD40545.1|Methanospirillum_hungatei_1	nifH	NC_007796.1_855	nflH	100	280	0	0	1	280	1	280	2.28e-184	1422
ABD74296.1|uncultured_nitrogen-fixing_1	nifH	JACQYN010000073.1_8	nifH	57	221	12	2	1	139	1	221	1.45e-67	561
ABD74315.1|uncultured_nitrogen-fixing_1	nifH	JACQYN010000073.1_8	nifH	59	221	8	2	1	139	1	221	9.37e-70	577
ABD74373.1|uncultured_nitrogen-fixing_1	nifH	NZ_WXUB01000007.1_15	nifH	50	274	2	2	1	139	1	274	8.2e-67	559
ABD89986.1|Rhodopseudomonas_palustris_1	nifH	NZ_JACHIH010000016.1_89	nifH	100	300	0	0	1	300	1	300	2.76e-194	1503
ABE34499.1|Burkholderia_xenovorans_1	nifH	NC_007952.1_1551	nifH	100	293	0	0	1	293	1	293	7.92e-192	1484
ABE51973.1|Methanococcoides_burtonii_1	nifH	NC_007955.1_1121	nflH	100	264	0	0	1	264	1	264	2.65e-173	1339
ABF66522.1|uncultured_bacterium_1	nifH	JAEZJK010000009.1_1	nifH	51	222	6	2	1	120	1	222	4.09e-54	461
ABF66525.1|uncultured_bacterium_1	nifH	JAEZJK010000009.1_1	nifH	52	222	5	2	1	120	1	222	1.77e-55	471
ABF66611.1|uncultured_bacterium_1	nifH	JAEZJK010000009.1_1	nifH	50	222	8	2	1	120	1	222	1.29e-52	450
ABG53144.1|Trichodesmium_erythraeum_1	nifH	NZ_AJLK01000041.1_8	vnfH	80	300	51	4	1	296	1	295	2.34e-155	1206
ABI67746.1|Syntrophomonas_wolfei_1	nifH	DEPS01000139.1_36	nflH	52	282	103	3	1	254	1	277	3.22e-89	727
ABJ07125.1|Rhodopseudomonas_palustris_1	nifH	CADAHD010000483.1_2	nflH	68	291	94	0	1	291	1	291	6.73e-131	1035
ABJ07810.1|Rhodopseudomonas_palustris_1	nifH	JACRJB010000068.1_88	anfH	99	275	2	0	1	275	1	275	1.25e-184	1420
ABK14960.1|Methanosaeta_thermophila_1	nifH	NC_008553.1_1229	nflH	97	271	0	1	1	264	1	271	4.31e-173	1338
ABK16713.1|Syntrophobacter_fumaroxidans_1	nifH	NC_008554.1_1041	nifH	100	274	0	0	1	274	1	274	2.22e-181	1405
ABK43713.1|Magnetococcus_sp._1	nifH	JADGCQ010000067.1_2	nifH	90	296	30	0	1	296	1	296	3.61e-177	1378
ABL01060.1|Pelobacter_propionicus_1	nifH	NC_008609.1_3428	nifH	81	288	0	1	1	232	1	288	2.17e-142	1119
ABL64797.1|Chlorobium_phaeobacteroides_1	nifH	NC_008639.1_772	nifH	100	274	0	0	1	274	1	274	1.01e-183	1422
ABM30101.1|Desulfovibrio_vulgaris_1	nifH	NC_005863.1_15	nifH	100	277	0	0	1	277	1	277	9.37e-185	1430
ABM37652.1|Polaromonas_naphthalenivorans_1	nifH	NC_008781.1_2354	nifH	100	296	0	0	1	296	1	296	5.81e-194	1500
ABM47382.1|Rhizobium_leguminosarum_1	nifH	NC_012848.1_282	nifH	98	297	4	1	1	297	1	295	9.93e-189	1462
ABM61068.1|Halorhodospira_halophila_1	nifH	NZ_NHSN01000005.1_21	nifH	97	291	10	0	1	291	1	291	3.15e-186	1443
ABM90979.1|Bradyrhizobium_sp._1	nifH	NZ_SPQS01000036.1_25	nifH	82	294	24	4	1	266	1	294	8.52e-149	1169
ABN06341.1|Methanocorpusculum_labreanum_1	nifH	NC_008942.1_168	nflH	100	268	0	0	1	268	1	268	6.38e-181	1395
ABN07210.1|Methanocorpusculum_labreanum_1	nifH	DAYM01000013.1_170	nflH	58	271	89	2	1	248	1	270	2.44e-96	778
ABN52799.1|Clostridium_thermocellum_1	nifH	NC_009012.1_1638	nifH	100	284	0	0	1	284	1	284	6.16e-187	1447
ABN57863.1|Methanoculleus_marisnigri_1	nifH	NC_009051.1_1916	nflH	100	272	0	0	1	272	1	272	6.64e-179	1381
ABO34969.1|Methanococcus_maripaludis_1	nifH	PLXT01000077.1_54	anfH	64	275	40	1	1	217	1	275	1.69e-114	905
ABO35825.1|Methanococcus_maripaludis_1	nifH	NC_009135.1_1571	nflH	100	313	0	0	1	313	1	313	1.03e-207	1597
ABO51325.1|Desulfotomaculum_reducens_1	nifH	NC_009253.1_3002	nifH	100	272	0	0	1	272	1	272	1.84e-180	1398
ABO58940.1|Burkholderia_vietnamiensis_1	nifH	NZ_CP013421.1_216	nifH	100	293	0	0	1	293	1	293	1.62e-192	1489
ABO64210.1|Burkholderia_tropica_1	nifH	NZ_BAYB01000013.1_182	nifH	96	293	2	1	1	284	1	293	2.67e-182	1414
ABO64213.1|Burkholderia_unamae_1	nifH	NZ_QLSU01000022.1_103	nifH	88	300	27	3	1	299	1	293	3.95e-163	1276
ABO64216.1|Burkholderia_caryophylli_1	nifH	NZ_VJZF01000003.1_1161	nifH	96	293	1	1	1	283	1	293	1e-182	1417
ABO64217.1|Burkholderia_silvatlantica_1	nifH	NZ_BBJH01000048.1_50	nifH	95	293	3	2	1	280	1	293	9.07e-179	1388
ABO93287.1|Mesorhizobium_sp._1	nifH	NZ_MXPU01000067.1_1	nifH	85	257	16	2	1	234	1	257	1.36e-137	1082
ABP37355.1|DSM_265)_1	nifH	NZ_RXYK01000004.1_50	nifH	100	274	0	0	1	274	1	274	3.6e-183	1418
ABP49170.1|Bradyrhizobium_liaoningense_1	nifH	NZ_AUEZ01000168.1_6	nifH	76	237	11	3	1	192	1	237	3.69e-109	870
ABP68043.1|Caldicellulosiruptor_saccharolyticus_1	nifH	NZ_LMVP01000090.1_19	anfH	60	275	53	1	1	217	1	275	2.43e-104	831
ABP69680.1|Rhodobacter_sphaeroides_1	nifH	CADAHD010000483.1_2	nflH	66	292	95	2	1	290	1	291	2.8e-125	994
ABP70147.1|Rhodobacter_sphaeroides_1	nifH	JAGFXX010000001.1_1192	nifH	93	312	0	1	1	312	1	291	1.15e-186	1448
ABQ01465.1|uncultured_soil_1	nifH	JAJXYO010000032.1_10	nifH	51	289	3	2	1	149	1	289	6.23e-71	591
ABQ01467.1|uncultured_soil_1	nifH	JAJXYO010000032.1_10	nifH	51	289	5	2	1	151	1	289	6.58e-71	591
ABQ01468.1|uncultured_soil_1	nifH	JAJXYO010000032.1_10	nifH	50	289	5	2	1	150	1	289	1.65e-70	588
ABQ01472.1|uncultured_soil_1	nifH	JACMKN010000012.1_3	nifH	51	290	1	2	1	149	1	290	3.75e-72	600
ABQ01480.1|uncultured_soil_1	nifH	CAIUXT010000226.1_83	nifH	61	239	20	2	1	165	1	239	9.93e-79	646
ABQ01493.1|uncultured_soil_1	nifH	CAIUXT010000226.1_83	nifH	64	239	13	2	1	165	1	239	5.41e-86	699
ABQ01512.1|uncultured_soil_1	nifH	CAIUXT010000226.1_83	nifH	61	239	12	3	1	157	1	239	1.65e-79	651
ABQ01529.1|uncultured_soil_1	nifH	NZ_AUEZ01000168.1_6	nifH	58	237	11	2	1	148	1	237	5.1e-74	610
ABQ01539.1|uncultured_soil_1	nifH	SLQH01000505.1_2	nifH	54	263	18	2	1	160	1	263	3.09e-76	629
ABQ01540.1|uncultured_soil_1	nifH	CAIUXT010000226.1_83	nifH	65	239	7	2	1	162	1	239	2.65e-86	701
ABQ25379.1|Geobacter_uraniireducens_1	nifH	NC_009483.1_1215	nifH	100	289	0	0	1	289	1	289	1.53e-190	1474
ABQ87912.1|Methanobrevibacter_smithii_1	nifH	NC_009515.1_1693	nflH	100	265	0	0	1	265	1	265	1.39e-176	1363
ABQ89608.1|Roseiflexus_sp._1	nifH	NC_009523.1_1294	nifH	100	273	0	0	1	273	1	273	9.61e-184	1422
ABR01119.1|uncultured_Geobacter_1	nifH	CAIUWK010000045.1_11	nifH	65	288	8	2	1	196	1	288	1.64e-107	862
ABR01120.1|uncultured_Geobacter_1	nifH	JAJXYO010000032.1_10	nifH	52	289	4	2	1	155	1	289	1.33e-76	633
ABR01121.1|uncultured_Geobacter_1	nifH	WKKS01000001.1_773	nifH	61	289	7	2	1	182	1	289	7.89e-97	783
ABR32810.1|Clostridium_beijerinckii_1	nifH	NZ_CP073653.1_611	nifH	100	284	0	0	1	284	1	284	1.16e-186	1445
ABR34169.1|Clostridium_beijerinckii_1	nifH	NZ_CM001240.1_3260	nifH	99	273	2	0	1	273	1	273	4.61e-179	1388
ABR49651.1|Alkaliphilus_metalliredigens_1	nifH	NC_009633.1_3534	nifH	100	272	0	0	1	272	1	272	2.52e-180	1397
ABR53979.1|Methanococcus_vannielii_1	nifH	PLXT01000077.1_54	anfH	64	275	41	1	1	217	1	275	2.91e-113	896
ABR55051.1|Methanococcus_vannielii_1	nifH	NC_009634.1_1184	nflH	100	292	1	0	1	292	1	292	7.78e-195	1500
ABR56092.1|Methanococcus_aeolicus_1	nifH	NZ_AGJL01000035.1_12	nflH	67	290	40	1	1	234	1	290	3.37e-123	974
ABR56800.1|Methanococcus_aeolicus_1	nifH	NC_009635.1_1238	nflH	100	278	0	0	1	278	1	278	4.22e-185	1427
ABR57010.1|Methanococcus_aeolicus_1	nifH	JAGSYV010000023.1_39	anfH	70	223	62	1	1	217	1	223	7.88e-102	809
ABR65168.1|Methanococcus_maripaludis_1	nifH	PMGM01000034.1_5	anfH	65	275	39	1	1	217	1	275	8.23e-114	900
ABR66213.1|Methanococcus_maripaludis_1	nifH	NZ_JACDUL010000003.1_318	nflH	88	331	0	1	1	292	1	331	7.51e-187	1445
ABS27227.1|Anaeromyxobacter_sp._1	nifH	NC_009675.1_3095	nifH	100	288	0	0	1	288	1	288	8.24e-188	1454
ABS55660.1|Candidatus_Methanoregula_1	nifH	NC_009712.1_1172	nifH	100	276	0	0	1	276	1	276	6.92e-182	1409
ABS56522.1|Candidatus_Methanoregula_1	nifH	NZ_CAJE01000024.1_117	nflH	79	334	57	4	1	324	1	332	1.69e-170	1329
ABS56597.1|Candidatus_Methanoregula_1	nifH	NC_009712.1_2141	nflH	100	270	0	0	1	270	1	270	1.04e-177	1372
ABS65347.1|Xanthobacter_autotrophicus_1	nifH	CP000781.1_145	nifH	97	303	0	1	1	303	1	293	2.49e-190	1474
ABS76192.1|Mastigocladus_laminosus_1	nifH	NZ_AJLK01000041.1_8	vnfH	81	295	29	1	1	267	1	295	9.47e-151	1170
ABV44660.1|Bradyrhizobium_sp._1	nifH	NC_004463.1_1776	nifH	77	294	10	2	1	236	1	294	5.58e-139	1095
ABV44662.1|Bradyrhizobium_sp._1	nifH	NZ_AUEZ01000168.1_6	nifH	74	237	26	2	1	202	1	237	2.16e-107	858
ABV79890.1|Anabaena_siamensis_1	nifH	NZ_AJLK01000041.1_8	vnfH	96	296	11	2	1	295	1	295	8.96e-186	1427
ABW16215.1|Frankia_sp._1	nifH	JAJYPS010000077.1_4	nifH	86	289	40	1	1	289	1	288	4.33e-165	1289
ABW17872.1|Alkaliphilus_oremlandii_1	nifH	JAEDJU010000038.1_5	nflH	59	260	93	3	1	248	1	258	1.55e-94	764
ABW90497.1|uncultured_nitrogen-fixing_1	nifH	PLAY01000022.1_18	nifH	54	274	2	2	1	149	1	274	1.54e-76	631
ABW90506.1|uncultured_nitrogen-fixing_1	nifH	PLZQ01000133.1_6	nifH	54	274	1	2	1	149	1	274	1.12e-76	632
ABW96183.1|Bradyrhizobium_elkanii_1	nifH	NZ_CP030047.1_7534	nifH	84	294	3	11	1	250	1	294	5.97e-139	1096
ABW96184.1|Bradyrhizobium_japonicum_1	nifH	NC_017249.1_7903	nifH	83	294	5	12	1	249	1	294	4.47e-136	1075
ABW96185.1|Mesorhizobium_huakuii_1	nifH	CCNB01000015.1_36	nifH	83	297	7	8	1	254	1	297	1.31e-145	1145
ABW96188.1|Bradyrhizobium_elkanii_1	nifH	NZ_JACMYO010000040.1_30	nifH	79	294	9	4	1	242	1	294	1.07e-140	1108
ABW96189.1|Rhizobium_leguminosarum_1	nifH	NZ_CP071458.1_202	nifH	84	292	7	10	1	252	1	292	2.2e-142	1121
ABW96192.1|Rhizobium_gallicum_1	nifH	NZ_ATTQ01000044.1_13	nifH	84	297	1	11	1	251	1	297	5.71e-141	1111
ABX01620.1|Methanococcus_maripaludis_1	nifH	NZ_CP026606.1_930	nflH	90	313	10	1	1	292	1	313	7.09e-184	1422
ABX55787.1|Mesorhizobium_caraganae_1	nifH	NZ_FMXM01000054.1_2	nifH	74	297	6	2	1	227	1	297	4.38e-131	1037
ABZ83695.1|Heliobacterium_modesticaldum_1	nifH	NC_010337.2_989	nifH	100	284	0	0	1	284	1	284	8.45e-187	1446
ACA17917.1|Methylobacterium_sp._1	nifH	NZ_KB900609.1_1170	nifH	99	303	0	1	1	299	1	303	9.45e-193	1492
ACA56432.1|Clostridium_botulinum_1	nifH	DARO01000003.1_26	nflH	64	259	83	3	1	249	1	258	2.53e-99	799
ACA58711.1|Candidatus_Desulforudis_1	nifH	JAHFCR010000035.1_17	anfH	76	280	61	1	1	280	1	275	1.97e-143	1121
ACA79963.1|Mesorhizobium_sp._1	nifH	NZ_CP050299.1_425	nifH	87	297	22	1	1	281	1	297	2.29e-165	1291
ACB33698.1|Leptothrix_cholodnii_1	nifH	NC_010524.1_1430	nifH	100	293	0	0	1	293	1	293	1.49e-191	1482
ACB37309.1|Ideonella_dechloratans_1	nifH	NZ_BADL01000543.1_38	nifH	65	263	5	3	1	177	1	263	2.56e-96	777
ACB38693.1|uncultured_bacterium_1	nifH	JAEWIS010000031.1_334	nifH	53	288	0	2	1	153	1	288	8.98e-77	634
ACB38700.1|uncultured_bacterium_1	nifH	JACQYN010000073.1_8	nifH	61	221	19	2	1	153	1	221	5.7e-74	609
ACB71248.1|Rhizobium_tibeticum_1	nifH	NZ_FOCV01000063.1_15	nifH	76	297	0	2	1	226	1	297	1.43e-133	1055
ACB94126.1|Beijerinckia_indica_1	nifH	NC_010581.1_486	nifH	100	290	0	0	1	290	1	290	4.54e-191	1478
ACC76639.1|Burkholderia_phymatum_1	nifH	NC_010627.1_490	nifH	100	293	0	0	1	293	1	293	3.06e-192	1487
ACC79194.1|Nostoc_punctiforme_1	nifH	JABXKQ010000108.1_29	vnfH	99	297	2	0	1	297	1	297	1.67e-195	1498
ACC79763.1|Nostoc_punctiforme_1	nifH	JABXKI010000170.1_15	vnfH	97	297	10	0	1	297	1	297	2.85e-190	1460
ACC84196.1|Nostoc_punctiforme_1	nifH	AP018180.1_799	vnfH	88	325	35	1	1	321	1	325	2.24e-190	1465
ACD89768.1|Chlorobium_limicola_1	nifH	NC_010803.1_695	nifH	100	274	0	0	1	274	1	274	1.39e-183	1421
ACD94376.1|Geobacter_lovleyi_1	nifH	NC_010814.1_644	nifH	100	288	0	0	1	288	1	288	2.74e-190	1472
ACD94940.1|Geobacter_lovleyi_1	nifH	JAJXYO010000032.1_10	nifH	94	289	17	1	1	288	1	289	6.33e-177	1375
ACE04669.1|Chlorobium_phaeobacteroides_1	nifH	JADHTF010000033.1_18	nifH	92	297	0	1	1	274	1	297	3.01e-178	1384
ACE82207.1|Rhizobium_mongolense_1	nifH	NZ_ATTQ01000044.1_13	nifH	87	297	1	2	1	260	1	297	6.65e-162	1264
ACF00152.1|Rhodopseudomonas_palustris_1	nifH	NZ_CP058907.1_1405	anfH	100	275	0	0	1	275	1	275	4.84e-185	1423
ACF01394.1|Rhodopseudomonas_palustris_1	nifH	CADAHD010000483.1_2	nflH	69	293	87	2	1	290	1	291	6.55e-131	1035
ACF01415.1|Rhodopseudomonas_palustris_1	nifH	JAEZKS010000250.1_8	nflH	60	317	99	3	1	289	1	316	1.2e-120	962
ACF03590.1|Rhodopseudomonas_palustris_1	nifH	NZ_QKQS01000023.1_216	nifH	100	298	0	0	1	298	1	298	8.85e-194	1499
ACF12015.1|Chlorobaculum_parvum_1	nifH	NC_011027.1_1622	nifH	100	274	0	0	1	274	1	274	1.01e-183	1422
ACF13499.1|Chloroherpeton_thalassium_1	nifH	NC_011026.1_1064	nifH	100	274	0	0	1	274	1	274	1.28e-182	1414
ACF14285.1|Chloroherpeton_thalassium_1	nifH	NC_011026.1_1869	anfH	83	274	0	1	1	228	1	274	1.64e-143	1117
ACF15257.1|Bradyrhizobium_sp._1	nifH	NZ_CP077970.1_1605	nifH	81	296	0	2	1	241	1	296	2e-147	1157
ACF22078.1|Azotobacter_chroococcum_1	nifH	JAEUNY010000115.1_1	nifH	55	224	21	2	1	145	1	224	3.1e-66	552
ACF35346.1|Bradyrhizobium_pachyrhizi_1	nifH	NZ_AUEZ01000168.1_6	nifH	58	237	5	3	1	143	1	237	7.59e-73	601
ACF46645.1|Prosthecochloris_aestuarii_1	nifH	NC_011059.1_1621	nifH	100	274	0	0	1	274	1	274	6.78e-183	1416
ACF49113.1|Rhizobium_leguminosarum_1	nifH	NZ_CP071458.1_202	nifH	75	292	9	3	1	229	1	292	1.06e-130	1034
ACF49114.1|Rhizobium_leguminosarum_1	nifH	NZ_MRDL01000009.1_34	nifH	76	292	7	2	1	229	1	292	6.73e-133	1050
ACF49123.1|Mesorhizobium_huakuii_1	nifH	NZ_MXPU01000067.1_1	nifH	81	261	14	2	1	230	1	257	5.27e-132	1041
ACF75342.1|Bacillus_sp._1	nifH	NZ_MLQR01000001.1_357	nifH	51	291	0	2	1	149	1	291	8.75e-74	612
ACG74424.1|Anaeromyxobacter_sp._1	nifH	NZ_BAZG01000015.1_38	nifH	99	288	3	0	1	288	1	288	2.32e-188	1458
ACH39087.1|Geobacter_bemidjiensis_1	nifH	NC_011146.1_2064	nifH	100	289	0	0	1	289	1	289	7.47e-190	1469
ACH83478.1|Acidithiobacillus_ferrooxidans_1	nifH	NC_011761.1_1404	nifH	100	296	0	0	1	296	1	296	2.06e-193	1496
ACI11459.1|Klebsiella_pneumoniae_1	nifH	NZ_CP010523.2_1673	nifH	100	293	0	0	1	293	1	293	9.36e-194	1498
ACI21914.1|Thermodesulfovibrio_yellowstonii_1	nifH	DKBO01000264.1_9	nifH	75	224	49	1	1	218	1	224	2.14e-116	924
ACI25836.1|uncultured_soil_1	nifH	CAIUXT010000226.1_83	nifH	62	239	15	2	1	162	1	239	9.73e-83	675
ACI25844.1|uncultured_soil_1	nifH	CAIUXT010000226.1_83	nifH	61	239	17	2	1	162	1	239	2.28e-81	665
ACI25853.1|uncultured_soil_1	nifH	NZ_BADL01000543.1_38	nifH	59	263	6	2	1	162	1	263	5.1e-84	686
ACI25882.1|uncultured_soil_1	nifH	CAIUXT010000226.1_83	nifH	62	239	14	2	1	162	1	239	2.51e-82	672
ACI25909.1|uncultured_soil_1	nifH	NZ_MXPU01000067.1_1	nifH	58	257	14	2	1	162	1	257	7.18e-79	648
ACI25924.1|uncultured_soil_1	nifH	JAEUNY010000115.1_1	nifH	59	224	17	2	1	149	1	224	9.3e-73	600
ACI25925.1|uncultured_soil_1	nifH	NZ_BADL01000543.1_38	nifH	59	263	7	2	1	162	1	263	8.71e-83	677
ACI25930.1|uncultured_soil_1	nifH	CAIUXT010000226.1_83	nifH	62	239	13	2	1	162	1	239	8.55e-85	690
ACI25935.1|uncultured_soil_1	nifH	CAIUXT010000226.1_83	nifH	59	239	22	2	1	162	1	239	1.04e-76	631
ACI25942.1|uncultured_soil_1	nifH	CAIUXT010000226.1_83	nifH	59	239	22	2	1	162	1	239	3.9e-80	656
ACI25947.1|uncultured_soil_1	nifH	NZ_AUEZ01000168.1_6	nifH	57	237	13	2	1	148	1	237	1.31e-73	607
ACI25951.1|uncultured_soil_1	nifH	NZ_BADL01000543.1_38	nifH	59	263	7	2	1	162	1	263	1.8e-83	682
ACI25962.1|uncultured_soil_1	nifH	JAEUNY010000115.1_1	nifH	63	224	8	2	1	149	1	224	5.8e-78	638
ACI26004.1|uncultured_soil_1	nifH	CAIUXT010000226.1_83	nifH	63	239	11	2	1	162	1	239	5.68e-84	684
ACI26034.1|uncultured_soil_1	nifH	JAEUHG010000004.1_19	nifH	56	274	9	2	1	163	1	274	9.12e-84	685
ACI26098.1|uncultured_soil_1	nifH	DNJC01000006.1_80	nifH	51	289	2	2	1	149	1	289	1.77e-71	595
ACI26111.1|uncultured_soil_1	nifH	JADJRE010000011.1_37	nifH	52	310	1	2	1	162	1	310	9.55e-80	658
ACI26114.1|uncultured_soil_1	nifH	JACABD010000025.1_11	nifH	50	289	4	3	1	149	1	289	4.12e-70	585
ACI26119.1|uncultured_soil_1	nifH	NZ_BADL01000543.1_38	nifH	54	263	6	3	1	148	1	263	3.52e-71	591
ACI26123.1|uncultured_soil_1	nifH	JACABD010000025.1_11	nifH	52	289	0	2	1	149	1	289	2.16e-73	609
ACI26130.1|uncultured_soil_1	nifH	CAIQWT010000007.1_37	nifH	50	289	5	2	1	149	1	289	1.77e-71	595
ACI26132.1|uncultured_soil_1	nifH	CAIUXT010000226.1_83	nifH	65	239	7	2	1	162	1	239	6.84e-86	698
ACI26149.1|uncultured_soil_1	nifH	JACPFJ010000023.1_140	nifH	51	288	3	2	1	149	1	288	4.92e-72	599
ACI26150.1|uncultured_soil_1	nifH	CAIUXT010000226.1_83	nifH	59	239	21	2	1	162	1	239	2.08e-80	658
ACI26152.1|uncultured_soil_1	nifH	JAENWA010000041.1_5	nifH	52	287	1	2	1	149	1	287	1.1e-73	611
ACI26157.1|uncultured_soil_1	nifH	JAEUNY010000115.1_1	nifH	61	224	12	2	1	149	1	224	1.86e-76	627
ACI26160.1|uncultured_soil_1	nifH	CAIUXT010000226.1_83	nifH	59	239	21	2	1	162	1	239	5.88e-81	662
ACI26161.1|uncultured_soil_1	nifH	CAIUXT010000226.1_83	nifH	64	239	9	2	1	162	1	239	1.17e-84	689
ACI26174.1|uncultured_soil_1	nifH	NZ_BADL01000543.1_38	nifH	59	263	7	2	1	162	1	263	2.25e-82	674
ACI26176.1|uncultured_soil_1	nifH	UXAT02000012.1_135	nifH	50	300	8	3	1	159	1	300	3.94e-74	616
ACI26177.1|uncultured_soil_1	nifH	CAIUXT010000226.1_83	nifH	63	239	12	2	1	162	1	239	3.02e-84	686
ACI26182.1|uncultured_soil_1	nifH	CAIUXT010000226.1_83	nifH	63	239	11	2	1	162	1	239	2.42e-85	694
ACI26185.1|uncultured_soil_1	nifH	CAIUXT010000226.1_83	nifH	64	239	9	2	1	162	1	239	1.41e-86	703
ACI26188.1|uncultured_soil_1	nifH	NZ_MXPU01000067.1_1	nifH	58	257	12	2	1	162	1	257	7.9e-80	655
ACI26194.1|uncultured_soil_1	nifH	CAIUXT010000226.1_83	nifH	64	239	9	2	1	162	1	239	8.55e-85	690
ACI26206.1|uncultured_soil_1	nifH	CAIUXT010000226.1_83	nifH	60	239	19	2	1	162	1	239	7.34e-80	654
ACI26208.1|uncultured_soil_1	nifH	JAEUNY010000115.1_1	nifH	62	224	11	2	1	149	1	224	2.33e-75	619
ACI26214.1|uncultured_soil_1	nifH	NZ_AUEZ01000168.1_6	nifH	56	237	15	2	1	148	1	237	7.91e-72	594
ACI26220.1|uncultured_soil_1	nifH	CAIUXT010000226.1_83	nifH	59	239	21	2	1	162	1	239	1.89e-79	651
ACI26224.1|uncultured_soil_1	nifH	CAIUXT010000226.1_83	nifH	62	239	14	2	1	162	1	239	9.73e-83	675
ACI26230.1|uncultured_soil_1	nifH	NZ_MXPU01000067.1_1	nifH	54	257	23	2	1	162	1	257	2.36e-74	615
ACI26240.1|uncultured_soil_1	nifH	NZ_MXPU01000067.1_1	nifH	58	257	12	2	1	162	1	257	3.82e-79	650
ACI26241.1|uncultured_soil_1	nifH	CAIUWK010000045.1_11	nifH	52	288	14	2	1	163	1	288	2.01e-75	625
ACI26249.1|uncultured_soil_1	nifH	CAIUXT010000226.1_83	nifH	61	239	17	2	1	162	1	239	3.13e-81	664
ACI32134.1|uncultured_bacterium_1	nifH	OMOF01000251.1_5	nifH	50	228	7	2	1	120	1	228	2.46e-54	463
ACI32149.1|uncultured_bacterium_1	nifH	JACQYN010000073.1_8	nifH	50	221	12	2	1	123	1	221	3.18e-54	462
ACI32157.1|uncultured_bacterium_1	nifH	RPOO01000347.1_3	nifH	50	220	10	2	1	120	1	220	1.7e-55	471
ACI32182.1|uncultured_bacterium_1	nifH	JAKAFS010000101.1_1	nifH	50	232	7	2	1	123	1	232	1.89e-56	479
ACI32252.1|uncultured_bacterium_1	nifH	RPOO01000347.1_3	nifH	51	220	8	2	1	120	1	220	3.9e-57	483
ACI32256.1|uncultured_bacterium_1	nifH	JACQYN010000073.1_8	nifH	50	221	13	2	1	123	1	221	2.32e-54	463
ACI32258.1|uncultured_bacterium_1	nifH	JACQYN010000073.1_8	nifH	51	221	10	2	1	123	1	221	2.85e-56	477
ACI32264.1|uncultured_bacterium_1	nifH	RPOO01000347.1_3	nifH	50	220	9	2	1	120	1	220	6.61e-56	474
ACI58270.1|Rhizobium_leguminosarum_1	nifH	NZ_JAGIOR010000001.1_1671	nifH	97	295	10	0	1	295	1	295	1.09e-186	1447
ACJ01032.1|Rhodospirillum_centenum_1	nifH	NC_011420.2_3515	nifH	100	299	0	0	1	299	1	299	4.25e-196	1516
ACJ24445.1|uncultured_Frankia_1	nifH	JAKACM010000019.1_61	nifH	63	230	35	2	1	181	1	230	2.21e-84	688
ACJ53724.1|uncultured_cyanobacterium_1	nifH	NC_013771.1_565	nifH	100	287	0	0	1	287	1	287	5.33e-191	1477
ACK52517.1|Methylocella_silvestris_1	nifH	NC_011666.1_3628	nifH	100	293	0	0	1	293	1	293	8.61e-193	1491
ACK70547.1|Cyanothece_sp._1	nifH	NC_011729.1_2117	nifH	100	299	0	0	1	299	1	299	3.37e-197	1524
ACL03220.1|Desulfatibacillum_alkenivorans_1	nifH	NZ_AUCT01000001.1_186	nifH	100	274	0	0	1	274	1	274	1.37e-179	1392
ACL09552.1|Desulfovibrio_vulgaris_1	nifH	NZ_VSMK01000127.1_2	nifH	100	276	0	0	1	276	1	276	8.18e-184	1423
ACL15489.1|Methanosphaerula_palustris_1	nifH	NZ_CAJE01000024.1_117	nflH	65	332	82	3	1	299	1	332	1.05e-136	1081
ACL15621.1|Methanosphaerula_palustris_1	nifH	NC_011832.1_236	nflH	100	272	0	0	1	272	1	272	7.86e-181	1395
ACL15934.1|Methanosphaerula_palustris_1	nifH	NC_011832.1_564	nifH	100	276	0	0	1	276	1	276	2.91e-183	1419
ACL19109.1|Desulfitobacterium_hafniense_1	nifH	NZ_FRDN01000005.1_77	nifH	100	275	0	0	1	275	1	275	3.21e-181	1404
ACL44722.1|Cyanothece_sp._1	nifH	NZ_JAIVFR010000244.1_3	vnfH	86	298	40	1	1	298	1	297	7e-174	1341
ACL58883.1|Methylobacterium_nodulans_1	nifH	NC_011894.1_3950	nifH	100	299	0	0	1	299	1	299	1.91e-194	1504
ACM03752.1|Rhodobacter_sphaeroides_1	nifH	NZ_SWJZ01000010.1_20	anfH	96	275	11	0	1	275	1	275	1.43e-178	1376
ACM20811.1|Geobacter_sp._1	nifH	JAEZKS010000250.1_8	nflH	61	320	92	4	1	292	1	316	1.42e-121	969
ACM20925.1|Geobacter_sp._1	nifH	NC_011979.1_2573	nifH	100	289	0	0	1	289	1	289	5.44e-190	1470
ACM66888.1|Mesorhizobium_amorphae_1	nifH	NZ_JAILYJ010000053.1_1	nifH	73	242	9	3	1	185	1	242	5.64e-104	832
ACM66890.1|Mesorhizobium_mediterraneum_1	nifH	NZ_JAILYH010000057.1_2	nifH	73	242	9	3	1	185	1	242	4.11e-104	833
ACN14079.1|Desulfobacterium_autotrophicum_1	nifH	NC_012108.1_971	nifH	88	273	0	1	1	241	1	273	6.89e-153	1195
ACN96117.1|Cupriavidus_sp._1	nifH	CAIUXT010000226.1_83	nifH	62	239	11	2	1	158	1	239	4.22e-82	670
ACO35781.1|Frankia_sp._1	nifH	JABDRL010000192.1_5	nifH	60	291	27	2	1	202	1	291	2.83e-100	810
ACO35867.1|uncultured_Frankia_1	nifH	JAKACM010000019.1_61	nifH	63	230	30	3	1	174	1	230	2.6e-81	665
ACO36743.1|uncultured_bacterium_1	nifH	CAIUXT010000226.1_83	nifH	76	239	21	2	1	203	1	239	1.92e-112	895
ACO36745.1|uncultured_bacterium_1	nifH	MHEA01000247.1_16	nifH	71	280	4	2	1	204	1	280	4.56e-118	939
ACO36746.1|uncultured_bacterium_1	nifH	NZ_JAAIYP010000026.1_41	vnfH	67	294	5	2	1	203	1	294	1.76e-116	915
ACO36750.1|uncultured_bacterium_1	nifH	JAEUNY010000115.1_1	nifH	83	224	19	2	1	204	1	224	3.76e-116	921
ACO36751.1|uncultured_bacterium_1	nifH	WFVK01000137.1_2	nifH	83	223	18	2	1	204	1	223	1.23e-118	939
ACO36753.1|uncultured_bacterium_1	nifH	JAEZHY010000164.1_16	nifH	70	274	11	2	1	204	1	274	2.79e-114	911
ACO36756.1|uncultured_bacterium_1	nifH	CAIUXT010000226.1_83	nifH	74	239	25	2	1	203	1	239	6.55e-108	862
ACO36758.1|uncultured_bacterium_1	nifH	LFCU01000132.1_6	nifH	68	274	18	2	1	204	1	274	1.56e-111	891
ACO36759.1|uncultured_bacterium_1	nifH	JAEUNY010000115.1_1	nifH	71	224	19	2	1	178	1	224	1.01e-95	770
ACO36760.1|uncultured_bacterium_1	nifH	NC_009464.1_1403	nifH	71	274	7	2	1	202	1	274	1.4e-114	913
ACO36761.1|uncultured_bacterium_1	nifH	JAAXWU010000078.1_9	nifH	73	234	34	2	1	204	1	234	6.57e-109	869
ACO36762.1|uncultured_bacterium_1	nifH	JAEUNY010000115.1_1	nifH	86	224	12	2	1	204	1	224	1.5e-120	953
ACO36763.1|uncultured_bacterium_1	nifH	CAIYOB010000766.1_12	nifH	68	278	15	2	1	204	1	278	1.36e-112	899
ACO36764.1|uncultured_bacterium_1	nifH	PMEV01000065.1_15	nifH	70	274	11	2	1	204	1	274	9.4e-117	929
ACO37592.1|uncultured_bacterium_1	nifH	JAFDVZ010000014.1_135	nifH	69	274	15	2	1	204	1	274	9.88e-114	907
ACO56894.1|Mesorhizobium_sp._1	nifH	NZ_JHQS01000013.1_61	nifH	78	297	13	2	1	244	1	297	7.05e-142	1117
ACO58677.1|Bradyrhizobium_sp._1	nifH	NZ_JAGWDJ010000036.1_7	nifH	81	294	1	2	1	238	1	294	3.83e-145	1140
ACP19710.1|uncultured_bacterium_1	nifH	DKBO01000264.1_9	nifH	59	224	22	1	1	154	1	224	1.56e-76	628
ACQ92279.1|Tolumonas_auensis_1	nifH	NZ_QNRY01000004.1_76	nifH	94	295	18	1	1	295	1	294	2.49e-181	1408
ACR12580.1|Teredinibacter_turnerae_1	nifH	NC_012997.1_1364	nifH	100	292	0	0	1	292	1	292	2.67e-191	1480
ACS78514.1|Desulfovibrio_salexigens_1	nifH	NC_012881.1_449	nifH	100	275	0	0	1	275	1	275	1.59e-184	1428
ACS84302.1|Dickeya_dadantii_1	nifH	NZ_CM001857.1_489	nifH	100	293	0	0	1	293	1	293	4.57e-193	1493
ACS86387.1|Dickeya_dadantii_1	nifH	NZ_CM001857.1_2651	anfH	100	275	0	0	1	275	1	275	1.87e-185	1426
ACT67943.1|Mesorhizobium_sp._1	nifH	NZ_JAFCGY010000047.1_12	nifH	93	297	4	2	1	279	1	297	5.06e-175	1361
ACT67964.1|Mesorhizobium_plurifarium_1	nifH	NZ_LPWA01000161.1_14	nifH	93	297	0	1	1	275	1	297	6.21e-175	1360
ACT67967.1|Mesorhizobium_chacoense_1	nifH	NZ_JAILYJ010000053.1_1	nifH	81	242	10	1	1	205	1	242	2.55e-121	960
ACT67976.1|Bradyrhizobium_japonicum_1	nifH	PLAY01000022.1_18	nifH	54	274	5	2	1	153	1	274	3.55e-77	636
ACT67978.1|Bradyrhizobium_japonicum_1	nifH	JAKAFS010000101.1_1	nifH	62	232	8	3	1	152	1	232	7.48e-78	638
ACT67980.1|Bradyrhizobium_japonicum_1	nifH	JAGVOT010000030.1_19	nifH	54	280	1	2	1	153	1	280	1.26e-78	647
ACT67982.1|Bradyrhizobium_japonicum_1	nifH	JACQYN010000073.1_8	nifH	69	221	1	2	1	153	1	221	1.27e-85	694
ACT67984.1|Bradyrhizobium_japonicum_1	nifH	JAKAFS010000101.1_1	nifH	53	232	6	2	1	129	1	232	4.09e-62	521
ACT67991.1|Bradyrhizobium_japonicum_1	nifH	JACQYN010000073.1_8	nifH	66	221	7	2	1	153	1	221	2.49e-82	670
ACT67993.1|Bradyrhizobium_japonicum_1	nifH	JAGVOT010000030.1_19	nifH	52	280	7	2	1	153	1	280	3.74e-73	607
ACV37675.1|Candidatus_Accumulibacter_1	nifH	JADKBU010000062.1_19	nifH	94	302	12	3	1	302	1	297	1.25e-181	1411
ACX46632.1|Rhizobium_sp._1	nifH	NZ_JAILYJ010000053.1_1	nifH	71	242	14	2	1	187	1	242	2.42e-101	813
ACX47346.1|Mesorhizobium_sp._1	nifH	NZ_MXPU01000067.1_1	nifH	85	260	15	2	1	238	1	257	5.38e-137	1078
ACX47347.1|Mesorhizobium_sp._1	nifH	NZ_MXPU01000067.1_1	nifH	85	259	18	2	1	239	1	257	2.33e-138	1088
ACX72742.1|Methanocaldococcus_vulcanius_1	nifH	NC_013407.1_882	nflH	100	277	0	0	1	277	1	277	1.42e-184	1423
ACX72939.1|Methanocaldococcus_vulcanius_1	nifH	JAGSYV010000023.1_39	anfH	70	228	64	1	1	228	1	223	4.69e-107	848
ACZ53854.1|uncultured_soil_1	nifH	JAEUNY010000115.1_1	nifH	63	224	15	2	1	156	1	224	1.16e-79	651
ACZ53864.1|uncultured_soil_1	nifH	PMBV01000232.1_5	nifH	60	226	20	2	1	155	1	226	2.86e-75	619
ACZ53870.1|uncultured_soil_1	nifH	NC_003030.1_260	nifH	53	272	10	2	1	154	1	272	6.1e-73	605
ACZ53872.1|uncultured_soil_1	nifH	NZ_JACJRU010000003.1_292	vnfH	50	296	8	2	1	155	1	296	2.31e-72	589
ACZ53873.1|uncultured_soil_1	nifH	NZ_JACJTB010000003.1_166	vnfH	50	296	8	2	1	155	1	296	2.55e-73	596
ACZ53874.1|uncultured_soil_1	nifH	JAEZNB010000107.1_8	nifH	54	220	32	6	1	154	1	216	6.49e-60	506
ACZ53886.1|uncultured_soil_1	nifH	NC_009706.1_3067	nifH	55	272	5	2	1	154	1	272	9e-77	633
ACZ53889.1|uncultured_soil_1	nifH	JANTGD010000128.1_12	nifH	59	242	11	4	1	154	1	242	5.9e-76	625
ACZ53901.1|uncultured_soil_1	nifH	JAEWIS010000031.1_334	nifH	52	288	7	2	1	156	1	288	2.32e-72	602
ACZ53902.1|uncultured_soil_1	nifH	PLSZ01000426.1_17	nifH	65	222	7	11	1	155	1	218	1.36e-69	577
ACZ53903.1|uncultured_soil_1	nifH	JAEWIS010000031.1_334	nifH	52	288	5	2	1	156	1	288	6.45e-76	628
ACZ53906.1|uncultured_soil_1	nifH	CAIUXT010000226.1_83	nifH	60	239	11	2	1	155	1	239	4.15e-76	626
ADC47316.1|Methanobrevibacter_ruminantium_1	nifH	NC_013790.1_1456	nflH	100	267	0	0	1	267	1	267	2.72e-179	1383
ADC69956.1|Methanocaldococcus_sp._1	nifH	NC_013887.1_1302	nflH	100	279	0	0	1	279	1	279	9.11e-186	1432
ADC89059.1|Thermocrinis_albus_1	nifH	NC_013894.1_435	nifH	80	279	0	1	1	223	1	279	2.3e-137	1081
ADC90429.1|Clostridiales_genomosp._1	nifH	DAYM01000013.1_170	nflH	57	279	110	4	1	277	1	270	9.15e-92	747
ADC97878.1|Methylacidiphilum_fumariolicum_1	nifH	LM997411.1_2061	nifH	100	297	1	0	1	297	1	297	7.23e-196	1514
ADD20940.1|Bradyrhizobium_japonicum_1	nifH	NZ_JXDL01000001.1_2140	nifH	79	296	1	2	1	236	1	296	7.16e-145	1138
ADD20946.1|Bradyrhizobium_lablabi_1	nifH	NZ_CP016428.1_5517	nifH	80	294	4	2	1	239	1	294	2.63e-144	1134
ADE11119.1|Sideroxydans_lithotrophicus_1	nifH	JAJXTT010000109.1_3	nifH	99	293	1	1	1	292	1	293	8.23e-189	1462
ADE36911.1|Methanohalophilus_mahii_1	nifH	NC_014002.1_1391	nflH	100	265	0	0	1	265	1	265	1.17e-174	1349
ADE55852.1|Coraliomargarita_akajimensis_1	nifH	NC_014008.1_2849	nifH	100	276	0	0	1	276	1	276	8.18e-184	1423
ADE85966.1|Rhodobacter_capsulatus_1	nifH	CADAHD010000483.1_2	nflH	66	292	97	2	1	290	1	291	9.9e-125	990
ADF27320.1|uncultured_microorganism_1	nifH	JAAXOC010000088.1_32	nifH	81	272	7	1	1	227	1	272	6.15e-138	1085
ADF27325.1|uncultured_microorganism_1	nifH	PQXF01000004.1_158	nifH	79	273	11	2	1	227	1	273	4.86e-135	1064
ADF27335.1|uncultured_microorganism_1	nifH	MZXQ01000108.1_2	nifH	84	269	3	1	1	229	1	269	1.39e-143	1126
ADG81557.1|Thermincola_potens_1	nifH	NZ_LGTE01000008.1_57	nifH	100	272	0	0	1	272	1	272	1.58e-182	1413
ADG91719.1|Arcobacter_nitrofigilis_1	nifH	NZ_CP041403.1_76	nifH	73	304	23	1	1	244	1	304	1.91e-136	1078
ADH04346.1|uncultured_Frankia_1	nifH	JAKACM010000019.1_61	nifH	71	230	34	2	1	197	1	230	5.24e-99	796
ADH04348.1|uncultured_Frankia_1	nifH	JAKACM010000019.1_61	nifH	70	230	35	2	1	197	1	230	5.24e-99	796
ADH87119.1|Desulfurivibrio_alkaliphilus_1	nifH	NC_014216.1_2470	nifH	100	275	0	0	1	275	1	275	3.49e-182	1411
ADI02873.1|Syntrophothermus_lipocalidus_1	nifH	JAHFCR010000035.1_17	anfH	87	275	35	0	1	275	1	275	1.46e-167	1296
ADI73466.1|Methanohalobium_evestigatum_1	nifH	NC_014253.1_558	nflH	100	293	0	0	1	293	1	293	1.33e-196	1513
ADK13572.1|Clostridium_ljungdahlii_1	nifH	NC_014328.1_462	nifH	100	272	0	0	1	272	1	272	1.69e-179	1391
ADK15363.1|Clostridium_ljungdahlii_1	nifH	CAKRDI010000061.1_2	nflH	52	257	68	2	1	201	1	257	7.89e-78	638
ADK15370.1|Clostridium_ljungdahlii_1	nifH	DEPS01000139.1_36	nflH	65	280	69	2	1	253	1	277	2.8e-115	917
ADK15411.1|Clostridium_ljungdahlii_1	nifH	NZ_JIBU02000079.1_1	nifH	96	275	11	0	1	275	1	275	3.36e-174	1353
ADK82110.1|Spirochaeta_smaragdinae_1	nifH	NC_014364.1_2995	nifH	100	275	0	0	1	275	1	275	1.85e-182	1413
ADK83816.1|Desulfarculus_baarsii_1	nifH	NC_014365.1_443	nifH	100	275	1	0	1	275	1	275	2.76e-183	1419
ADL58617.1|Methanothermobacter_marburgensis_1	nifH	NC_014408.1_1008	nflH	98	271	0	1	1	265	1	271	1.25e-173	1342
ADL69355.1|Thermoanaerobacterium_thermosaccharolyticum_1	nifH	NC_014410.1_1865	nifH	100	272	0	0	1	272	1	272	6.11e-183	1416
ADM26623.1|Paenibacillus_polymyxa_1	nifH	NZ_CP092831.1_1047	nifH	100	288	1	0	1	288	1	288	7.09e-190	1469
ADM51806.1|uncultured_bacterium_1	nifH	JACQYN010000073.1_8	nifH	56	221	14	3	1	138	1	221	5.61e-65	542
ADM52729.1|Paenibacillus_sabinae_1	nifH	NZ_CP011114.1_3302	vnfH	95	296	10	1	1	296	1	292	3.91e-188	1444
ADM52732.1|Paenibacillus_sabinae_1	nifH	NZ_CP004078.1_3099	nifH	100	290	0	0	1	290	1	290	8.56e-191	1476
ADN01326.1|Spirochaeta_thermophila_1	nifH	NC_014484.1_350	nifH	100	274	0	0	1	274	1	274	5.74e-181	1402
ADN35041.1|Methanoplanus_petrolearius_1	nifH	NZ_KN360939.1_51	nifH	100	273	0	0	1	273	1	273	7.48e-181	1401
ADN37126.1|Methanoplanus_petrolearius_1	nifH	NC_014507.1_2371	nflH	100	274	0	0	1	274	1	274	5.03e-182	1404
ADO83190.1|Ilyobacter_polytropus_1	nifH	NC_014632.1_1424	nifH	100	279	0	0	1	279	1	279	2.13e-185	1435
ADP71189.1|Rhodomicrobium_vannielii_1	nifH	NC_014664.1_1948	nifH	100	292	0	0	1	292	1	292	1.54e-192	1489
ADP72548.1|Rhodomicrobium_vannielii_1	nifH	NC_014664.1_3349	anfH	100	275	0	0	1	275	1	275	1.25e-184	1420
ADP72734.1|Rhodomicrobium_vannielii_1	nifH	CADAHD010000483.1_2	nflH	66	291	98	1	1	290	1	291	1.86e-124	988
ADP72762.1|Rhodomicrobium_vannielii_1	nifH	JAEZKS010000250.1_8	nflH	59	317	95	3	1	284	1	316	3.39e-119	951
ADP77182.1|Methanothermus_fervidus_1	nifH	NC_014658.1_383	nflH	81	270	0	1	1	220	1	270	6.72e-137	1071
ADQ79512.1|Paludibacter_propionicigenes_1	nifH	NC_014734.1_1374	anfH	83	274	0	1	1	228	1	274	1.79e-144	1124
ADQ79569.1|Paludibacter_propionicigenes_1	nifH	NC_014734.1_1432	nifH	100	274	0	0	1	274	1	274	7.37e-184	1423
ADR18595.1|Calditerrivibrio_nitroreducens_1	nifH	QKFD01000024.1_189	vnfH	69	259	51	2	1	230	1	259	8.01e-116	910
ADR34162.1|Sulfuricurvum_kujiense_1	nifH	NZ_CP041403.1_76	nifH	66	305	52	4	1	253	1	304	1.28e-118	949
ADW19185.1|Desulfobulbus_propionicus_1	nifH	NC_014972.1_3037	nifH	100	275	0	0	1	275	1	275	4.12e-184	1425
ADX42798.1|uncultured_microorganism_1	nifH	JAIORJ010000025.1_8	nflH	50	229	11	2	1	126	1	229	2.11e-56	473
ADY57074.1|Syntrophobotulus_glycolicus_1	nifH	JAEZKS010000250.1_8	nflH	53	318	84	3	1	256	1	316	7.86e-102	822
ADY57111.1|Syntrophobotulus_glycolicus_1	nifH	NC_015172.1_2811	nifH	80	284	0	1	1	228	1	284	4.58e-142	1116
ADY57123.1|Syntrophobotulus_glycolicus_1	nifH	NC_015172.1_2823	anfH	100	274	0	0	1	274	1	274	4.6e-185	1423
ADY62455.1|Frankia_sp._1	nifH	JABDRL010000192.1_5	nifH	61	291	21	2	1	198	1	291	6.53e-100	807
ADY62464.1|Frankia_sp._1	nifH	JAKACM010000019.1_61	nifH	57	230	48	2	1	180	1	230	5.69e-71	590
ADZ09424.1|Methanobacterium_sp._1	nifH	CP099988.1_109	nflH	87	293	4	1	1	258	1	293	2.11e-164	1276
ADZ10041.1|Methanobacterium_sp._1	nifH	NC_015216.1_1812	anfH	83	275	0	1	1	228	1	275	4.1e-146	1136
ADZ10312.1|Methanobacterium_sp._1	nifH	NC_015216.1_2082	nflH	100	266	0	0	1	266	1	266	7.76e-177	1365
ADZ48356.1|uncultured_bacterium_1	nifH	JAIMKR010000006.1_1	nifH	51	247	15	2	1	141	1	247	2.16e-65	547
ADZ85934.1|Clostridium_lentocellum_1	nifH	JAFACY010000242.1_5	ChIl	59	254	104	1	1	254	1	253	1.03e-92	756
AEB08241.1|Desulfobacca_acetoxidans_1	nifH	NC_015388.1_352	nifH	100	274	0	0	1	274	1	274	1.49e-180	1399
AEB67348.1|Methanosaeta_concilii_1	nifH	NC_015416.1_447	nflH	87	271	0	1	1	235	1	271	2.68e-147	1148
AEB67436.1|Methanosaeta_concilii_1	nifH	NC_015416.1_538	nifH	100	271	0	0	1	271	1	271	2.4e-180	1397
AEC13402.1|Bradyrhizobium_sp._1	nifH	NZ_JACOFR010000024.1_50	nifH	75	294	5	2	1	225	1	294	5.78e-132	1043
AEC13412.1|Bradyrhizobium_yuanmingense_1	nifH	NZ_MAXC01000053.1_56	nifH	74	294	8	2	1	225	1	294	1.09e-131	1041
AEC13430.1|Bradyrhizobium_sp._1	nifH	NZ_CP067102.1_1544	nifH	74	294	7	2	1	225	1	294	1.09e-131	1041
AEC13432.1|Bradyrhizobium_sp._1	nifH	JAEMSD010000080.1_4	nifH	74	294	6	2	1	225	1	294	5.78e-132	1043
AEE15126.1|Thermodesulfobium_narugense_1	nifH	DEPS01000139.1_36	nflH	57	279	91	3	1	251	1	277	8.73e-97	782
AEE15823.1|Treponema_brennaborense_1	nifH	JAFACY010000242.1_5	ChIl	52	253	119	1	1	251	1	253	2.48e-79	658
AEE16650.1|Treponema_brennaborense_1	nifH	JAEDGA010000021.1_4	nflH	53	298	100	4	1	297	1	260	2.53e-92	752
AEE87213.1|uncultured_nitrogen-fixing_1	nifH	RPOO01000347.1_3	nifH	50	220	3	2	1	113	1	220	2.64e-52	447
AEF80178.1|Treponema_azotonutricium_1	nifH	NC_015577.1_2585	nifH	100	274	0	0	1	274	1	274	1.28e-182	1414
AEF82684.1|Treponema_azotonutricium_1	nifH	CADAHD010000483.1_2	nflH	78	291	63	0	1	291	1	291	2.91e-154	1205
AEF83461.1|Treponema_azotonutricium_1	nifH	JAEZKS010000250.1_8	nflH	62	319	91	3	1	292	1	316	1.49e-125	998
AEF83597.1|Treponema_primitia_1	nifH	NC_015578.1_1133	nifH	100	280	0	0	1	280	1	280	3.64e-187	1448
AEF84422.1|Treponema_primitia_1	nifH	JAEDGA010000021.1_4	nflH	58	261	103	3	1	255	1	260	3.65e-94	762
AEF85643.1|Treponema_primitia_1	nifH	CADAHD010000483.1_2	nflH	79	292	60	1	1	292	1	291	7.29e-157	1224
AEF96745.1|Methanotorris_igneus_1	nifH	NC_015562.1_1225	nflH	100	288	0	0	1	288	1	288	3.3e-191	1473
AEF96954.1|Methanotorris_igneus_1	nifH	NC_015562.1_1225	nflH	94	290	15	2	1	290	1	288	2.84e-181	1401
AEF97268.1|Methanotorris_igneus_1	nifH	NZ_CP009506.1_3117	anfH	62	276	56	3	1	229	1	275	2.94e-106	846
AEF99883.1|Methylomonas_methanica_1	nifH	NC_015572.1_1471	nifH	100	294	0	0	1	294	1	294	9.07e-193	1491
AEG15740.1|Desulfotomaculum_kuznetsovii_1	nifH	JAEDGA010000021.1_4	nflH	61	261	92	3	1	252	1	260	2.87e-99	799
AEG15744.1|Desulfotomaculum_kuznetsovii_1	nifH	NZ_AGJL01000035.1_12	nflH	59	328	97	2	1	328	1	290	1.28e-130	1036
AEG16830.1|Desulfotomaculum_kuznetsovii_1	nifH	JAHFCR010000035.1_17	anfH	87	275	36	0	1	275	1	275	2.01e-167	1295
AEG17581.1|Methanobacterium_sp._1	nifH	NC_015574.1_541	nflH	100	264	0	0	1	264	1	264	1.12e-174	1349
AEG18043.1|Methanobacterium_sp._1	nifH	CP099988.1_109	nflH	81	293	54	1	1	292	1	293	4.54e-162	1262
AEG19023.1|Methanobacterium_sp._1	nifH	CP099988.1_2314	anfH	76	275	18	1	1	228	1	275	4.1e-135	1056
AEH44920.1|Thermodesulfatator_indicus_1	nifH	PJFB01000002.1_333	anfH	63	275	53	2	1	227	1	275	2.33e-111	883
AEH60342.1|Methanosalsum_zhilinae_1	nifH	NC_015676.1_473	nflH	100	264	0	0	1	264	1	264	5.92e-175	1351
AEI37864.1|Zymomonas_mobilis_1	nifH	NC_015709.1_964	anfH	81	280	0	1	1	228	1	280	1.09e-144	1126
AEI38202.1|Zymomonas_mobilis_1	nifH	NC_015709.1_1309	nifH	100	295	0	0	1	295	1	295	1.8e-192	1489
AEK51562.1|uncultured_Frankia_1	nifH	JAKACM010000019.1_61	nifH	73	230	34	2	1	201	1	230	1.57e-102	822
AEL79581.1|Bradyrhizobium_genosp._1	nifH	NZ_LLXZ01000033.1_19	nifH	83	294	0	2	1	244	1	294	1.04e-150	1181
AEL96952.1|Bradyrhizobium_genosp._1	nifH	NZ_JANADR010000001.1_7624	nifH	83	296	0	2	1	245	1	296	3.16e-151	1185
AEL96954.1|Bradyrhizobium_genosp._1	nifH	NZ_LGHK01000001.1_51	nifH	83	294	2	2	1	245	1	294	7.15e-150	1175
AEN14646.1|Leptospirillum_ferriphilum_1	nifH	JAKAYA010000023.1_31	nifH	99	291	2	0	1	291	1	291	2.15e-189	1466
AEO52041.1|Ensifer_sp._1	nifH	NZ_JAILYJ010000053.1_1	nifH	52	242	7	2	1	134	1	242	3.07e-62	523
AER58155.1|Rhizobium_sp._1	nifH	NZ_JAILYJ010000053.1_1	nifH	52	242	9	2	1	134	1	242	5.76e-62	521
AET63440.1|Methanosaeta_harundinacea_1	nifH	NC_017527.1_50	nflH	100	264	0	0	1	264	1	264	1.21e-175	1356
AET70418.1|Desulfosporosinus_orientis_1	nifH	NC_016584.1_4828	nifH	100	275	0	0	1	275	1	275	1.7e-181	1406
AEV67918.1|Clostridium_clariflavum_1	nifH	NC_016627.1_1263	nifH	100	273	0	0	1	273	1	273	1.53e-181	1406
AEV68734.1|Clostridium_clariflavum_1	nifH	JAEZUI010000273.1_4	nifH	90	273	28	0	1	273	1	273	1.2e-163	1276
AEV68879.1|Clostridium_clariflavum_1	nifH	JAEZKS010000250.1_8	nflH	64	319	85	3	1	292	1	316	5.5e-129	1023
AEX24158.1|Vibrio_sp._1	nifH	NZXG01000008.1_75	nifH	90	293	29	0	1	293	1	293	8e-177	1375
AEX54812.1|Rahnella_aquatilis_1	nifH	NC_016819.1_109	nifH	100	291	0	0	1	291	1	291	1.85e-191	1481
AEY66006.1|Clostridium_sp._1	nifH	JAEZKS010000250.1_8	nflH	63	319	88	4	1	292	1	316	4.2e-126	1002
AFA46824.1|Acetobacterium_woodii_1	nifH	JAEDGA010000021.1_4	nflH	62	261	87	2	1	250	1	260	2.13e-93	756
AFA47495.1|Acetobacterium_woodii_1	nifH	NC_016894.1_708	anfH	100	274	0	0	1	274	1	274	4.23e-184	1416
AFA47588.1|Acetobacterium_woodii_1	nifH	NC_016894.1_800	nifH	100	273	0	0	1	273	1	273	1.94e-180	1398
AFI61156.1|Bradyrhizobium_sp._1	nifH	NZ_VITY01000016.1_136	nifH	79	294	7	2	1	240	1	294	6.42e-143	1124
AFK30414.1|uncultured_bacterium_1	nifH	JACQYN010000073.1_8	nifH	50	221	9	2	1	120	1	221	5.49e-54	460
AFL68336.1|Sulfurospirillum_barnesii_1	nifH	NZ_CP041403.1_76	nifH	74	304	19	2	1	243	1	304	6.58e-136	1074
AFM28066.1|Desulfomonile_tiedjei_1	nifH	NC_018025.1_5444	nifH	100	274	0	0	1	274	1	274	1.28e-182	1414
AFM42901.1|Desulfosporosinus_acidiphilus_1	nifH	NC_018068.1_3914	nifH	100	275	0	0	1	275	1	275	2.15e-180	1398
AFM68950.1|Pseudomonas_sp._1	nifH	NZ_NWTG01000003.1_80	nifH	78	294	18	5	1	248	1	294	1.68e-136	1078
AFM92571.1|Acaryochloris_sp._1	nifH	NZ_WJFC01000112.1_5	nifH	85	297	39	2	1	291	1	297	2.94e-161	1262
AFO55049.1|uncultured_nitrogen-fixing_1	nifH	NZ_AEEA01000019.1_78	anfH	53	274	10	2	1	154	1	274	3.19e-75	613
AFO55055.1|uncultured_nitrogen-fixing_1	nifH	MJUZ01000014.1_9	nifH	53	273	8	2	1	152	1	273	8.91e-74	611
AFO55079.1|uncultured_nitrogen-fixing_1	nifH	JACQYM010000212.1_1	nifH	50	244	4	2	1	126	1	244	5.97e-61	513
AFP19225.1|uncultured_bacterium_1	nifH	JAEZJK010000009.1_1	nifH	53	222	3	2	1	120	1	222	4.06e-57	483
AFP19253.1|uncultured_bacterium_1	nifH	JACQYN010000073.1_8	nifH	51	221	7	2	1	120	1	221	6.08e-55	467
AFP19266.1|uncultured_bacterium_1	nifH	JACQYN010000073.1_8	nifH	52	221	6	2	1	120	1	221	4.44e-55	468
AFP19307.1|uncultured_bacterium_1	nifH	JACQYN010000073.1_8	nifH	51	221	7	2	1	120	1	221	4.01e-54	461
AFP19315.1|uncultured_bacterium_1	nifH	RPOO01000347.1_3	nifH	50	220	8	2	1	117	1	220	1.15e-52	450
AFP43337.1|Cyanobacterium_sp._1	nifH	NZ_ALVZ01000230.1_6	nifH	93	290	19	0	1	290	1	290	1.29e-176	1373
AFP97437.1|uncultured_prokaryote_1	nifH	JAEZJK010000009.1_1	nifH	50	222	10	2	1	120	1	222	1.6e-51	442
AFQ33509.1|uncultured_bacterium_1	nifH	RPOO01000347.1_3	nifH	50	220	9	2	1	119	1	220	2.79e-54	462
AFR69093.1|Bradyrhizobium_sp._1	nifH	NZ_JAIRDQ010000013.1_219	nifH	78	294	0	2	1	228	1	294	4.1e-138	1088
AFR69094.1|Bradyrhizobium_sp._1	nifH	NZ_JAIRDQ010000013.1_219	nifH	77	294	0	2	1	227	1	294	3.66e-137	1081
AFR69096.1|Mesorhizobium_sp._1	nifH	NZ_MXPU01000067.1_1	nifH	86	257	11	2	1	233	1	257	2.95e-139	1094
AFS77443.1|Clostridium_acidurici_1	nifH	DARO01000003.1_26	nflH	57	260	93	3	1	244	1	258	1.58e-92	749
AFS79164.1|Clostridium_acidurici_1	nifH	JAEZKS010000250.1_8	nflH	62	317	94	3	1	291	1	316	1.06e-125	999
AFV03033.1|Dehalobacter_sp._1	nifH	CP092282.1_597	nifH	97	284	8	0	1	284	1	284	6.05e-183	1418
AFV23167.1|Methanolobus_psychrophilus_1	nifH	CP003083.1_903	nflH	100	264	1	0	1	264	1	264	5.92e-175	1351
AFV23549.1|Methanolobus_psychrophilus_1	nifH	CP003083.1_1272	nifH	84	273	0	1	1	228	1	273	9.96e-143	1120
AFV36359.1|Raoultella_terrigena_1	nifH	NZ_BJNO01000001.1_334	nifH	75	293	0	2	1	219	1	293	1.7e-131	1039
AFV97623.1|uncultured_Sulfuricurvum_1	nifH	JAHJJU010000024.1_38	nifH	66	305	52	3	1	253	1	304	6.79e-119	951
AFX60358.1|uncultured_microorganism_1	nifH	JAAXWU010000078.1_9	nifH	51	234	7	2	1	126	1	234	1.71e-60	509
AFX60373.1|uncultured_microorganism_1	nifH	JAAXWU010000078.1_9	nifH	51	234	7	2	1	126	1	234	6.03e-60	505
AFY30594.1|Calothrix_sp._1	nifH	NZ_CP040272.1_833	vnfH	99	293	2	1	1	292	1	293	8.7e-191	1463
AFY35853.1|Calothrix_sp._1	nifH	JABXKI010000170.1_15	vnfH	94	301	14	1	1	301	1	297	6.97e-188	1443
AFY41676.1|Nostoc_sp._1	nifH	NZ_JACJRU010000003.1_292	vnfH	95	296	14	0	1	296	1	296	2.1e-187	1439
AFY51257.1|Nostoc_sp._1	nifH	AP018180.1_799	vnfH	86	325	45	1	1	324	1	325	1.16e-185	1431
AFY58697.1|Rivularia_sp._1	nifH	NZ_CP040272.1_833	vnfH	85	293	27	1	1	276	1	293	6.1e-162	1252
AFY78732.1|Pleurocapsa_sp._1	nifH	NC_019689.1_3482	nifH	100	293	1	0	1	293	1	293	5.77e-192	1485
AFY79132.1|Pleurocapsa_sp._1	nifH	JADEWQ010000072.1_16	nifH	92	274	22	0	1	274	1	274	9.38e-168	1306
AFY89975.1|Chroococcidiopsis_thermalis_1	nifH	DYNF01000061.1_3	nifH	90	301	24	2	1	296	1	301	3.23e-178	1386
AFZ17178.1|Microcoleus_sp._1	nifH	DYNF01000061.1_3	nifH	91	301	26	1	1	299	1	301	1.07e-179	1397
AFZ22411.1|Cylindrospermum_stagnale_1	nifH	AP018180.1_799	vnfH	88	325	40	0	1	325	1	325	7.04e-191	1469
AFZ22902.1|Cylindrospermum_stagnale_1	nifH	JABXKI010000170.1_15	vnfH	95	297	14	1	1	296	1	297	2.72e-186	1431
AFZ43954.1|Halothece_sp._1	nifH	NC_019779.1_1778	nifH	100	292	0	0	1	292	1	292	5.95e-193	1492
AFZ58852.1|Anabaena_cylindrica_1	nifH	CAIVAU010000061.1_60	vnfH	91	302	25	1	1	299	1	302	2.19e-181	1396
AGA91923.1|Thioflavicoccus_mobilis_1	nifH	JAGRHA010000290.1_18	nifH	91	293	26	0	1	293	1	293	8e-177	1375
AGB01831.1|Methanoregula_formicicum_1	nifH	NC_019943.1_763	nflH	100	270	0	0	1	270	1	270	8.22e-179	1380
AGB19221.1|Thermoanaerobacterium_thermosaccharolyticum_1	nifH	JAEZKS010000250.1_8	nflH	53	316	78	2	1	247	1	316	7.73e-101	814
AGB48807.1|Methanomethylovorans_hollandica_1	nifH	NC_019977.1_526	nflH	100	264	0	0	1	264	1	264	2.89e-174	1346
AGC68961.1|Clostridium_stercorarium_1	nifH	NC_020134.1_1859	nifH	100	282	0	0	1	282	1	282	1.32e-185	1437
AGF55196.1|Clostridium_saccharoperbutylacetonicum_1	nifH	NZ_CP073653.1_611	nifH	97	284	9	0	1	284	1	284	1.05e-181	1409
AGF56836.1|Clostridium_saccharoperbutylacetonicum_1	nifH	NC_020291.1_3007	nifH	84	273	0	1	1	228	1	273	2.57e-142	1117
AGF56848.1|Clostridium_saccharoperbutylacetonicum_1	nifH	NC_020291.1_3019	anfH	79	274	0	1	1	217	1	274	1.57e-135	1058
AGF76918.1|Desulfocapsa_sulfexigens_1	nifH	NC_020304.1_328	nifH	100	276	0	0	1	276	1	276	1.03e-182	1415
AGH32289.1|Bradyrhizobium_sp._1	nifH	NZ_AUEZ01000168.1_6	nifH	79	237	8	2	1	195	1	237	5.41e-116	920
AGI48130.1|Thermoplasmatales_archaeon_1	nifH	JAEEKU010000186.1_2	nflH	52	704	321	8	1	698	1	696	4.02e-230	1822
AGI48239.1|Thermoplasmatales_archaeon_1	nifH	CP002916.1_1205	nflH	100	268	0	0	1	268	1	268	1.92e-178	1377
AGI85899.1|Candidatus_Methanomethylophilus_1	nifH	CADAGG010000075.1_2	nflH	64	718	256	1	1	717	1	718	1.42e-314	2440
AGI86054.1|Candidatus_Methanomethylophilus_1	nifH	NC_020913.1_1286	nflH	100	268	0	0	1	268	1	268	2.27e-180	1391
AGI96613.1|uncultured_bacterium_1	nifH	JAFLKN010000044.1_32	nifH	54	274	6	2	1	154	1	274	3.31e-76	629
AGI96624.1|uncultured_bacterium_1	nifH	JAEUNY010000115.1_1	nifH	64	224	10	2	1	154	1	224	1.06e-82	673
AGI96649.1|uncultured_bacterium_1	nifH	JACQYN010000073.1_8	nifH	65	221	10	2	1	154	1	221	1.55e-80	657
AGI96654.1|uncultured_Bradyrhizobium_1	nifH	CAKKRC010000045.1_52	nifH	54	280	2	2	1	154	1	280	2.43e-78	645
AGI96671.1|uncultured_Dechloromonas_1	nifH	JAEUNY010000115.1_1	nifH	63	224	12	2	1	154	1	224	6.42e-81	660
AGJ52510.1|Sinorhizobium_sp._1	nifH	NZ_WITC01000126.1_21	nifH	85	296	2	2	1	253	1	296	7.62e-155	1212
AGJ89747.1|Rhizobium_tropici_1	nifH	NC_020061.1_289	nifH	97	305	0	1	1	305	1	297	4.71e-192	1487
AGK26166.1|Bradyrhizobium_sp._1	nifH	NZ_AUEZ01000168.1_6	nifH	74	237	11	2	1	186	1	237	6.19e-106	846
AGK98264.1|Clostridium_pasteurianum_1	nifH	NZ_CP009268.1_1372	nifH	93	273	19	0	1	273	1	273	2.73e-169	1317
AGK98882.1|Clostridium_pasteurianum_1	nifH	CADAHD010000483.1_2	nflH	81	291	55	1	1	290	1	291	1.78e-156	1221
AGN16625.1|Methanobrevibacter_sp._1	nifH	NZ_BAGX02000015.1_33	nflH	100	267	1	0	1	267	1	267	3.16e-177	1368
AGN26065.1|Candidatus_Methanomassiliicoccus_1	nifH	JAFPVN010000237.1_2	nflH	50	720	352	4	1	717	1	717	1.08e-229	1822
AGN27014.1|Methanomassiliicoccus_sp._1	nifH	NC_021353.1_1630	nflH	100	259	0	0	1	259	1	259	3.06e-174	1345
AGO36327.1|uncultured_bacterium_1	nifH	JACQYN010000073.1_8	nifH	50	221	10	2	1	120	1	221	2.64e-53	455
AGO36484.1|uncultured_microorganism_1	nifH	JABZFQ010000194.1_5	nifH	55	274	5	4	1	157	1	274	3.86e-80	658
AGO57869.1|uncultured_nitrogen-fixing_1	nifH	JAEUNY010000115.1_1	nifH	63	224	12	2	1	153	1	224	1.29e-81	665
AGO57871.1|uncultured_nitrogen-fixing_1	nifH	NZ_AJTV01000023.1_11	vnfH	50	291	6	2	1	152	1	291	3.6e-72	587
AGO57874.1|uncultured_nitrogen-fixing_1	nifH	PLZQ01000133.1_6	nifH	53	274	8	3	1	152	1	274	1.71e-73	609
AGU89250.1|Serratia_sp._1	nifH	NZ_CP025085.1_1028	nifH	100	293	0	0	1	293	1	293	4.57e-193	1493
BAA00565.1|Leptolyngbya_boryana_1	nifH	NZ_KB731324.1_5195	ChIl	100	286	1	0	1	286	1	286	1.78e-192	1487
BAA00568.1|Leptolyngbya_boryana_1	nifH	NZ_AP018207.1_6303	nifH	89	298	30	1	1	296	1	298	7.61e-174	1354
BAA28429.1|unidentified_nitrogen-fixing_1	nifH	NZ_MZGX01000024.1_42	nifH	50	273	5	2	1	141	1	273	1.97e-65	549
BAA28430.1|unidentified_nitrogen-fixing_1	nifH	NZ_JAKZKV010000003.1_218	nifH	51	274	4	2	1	143	1	274	4.35e-69	576
BAA28459.1|unidentified_nitrogen-fixing_1	nifH	NZ_SNYS01000005.1_389	nflH	51	266	5	2	1	140	1	266	5.07e-69	569
BAA28477.1|unidentified_nitrogen-fixing_1	nifH	LIUG01000026.1_12	nifH	50	272	6	2	1	141	1	272	1.03e-65	551
BAA28485.1|unidentified_nitrogen-fixing_1	nifH	WRNK01000006.1_12	nflH	51	266	4	2	1	140	1	266	9.51e-69	567
BAA86278.1|nitrogen_fixing_1	nifH	JAFNAS010000019.1_52	anfH	74	274	26	1	1	228	1	274	5.62e-128	1004
BAC07285.1|Rhodobacter_sp._1	nifH	NZ_AQPH01000002.1_92	vnfH	51	292	3	2	1	153	1	292	4.11e-76	616
BAC07294.1|Rhodovulum_sp._1	nifH	NZ_AQPH01000002.1_92	vnfH	50	292	6	2	1	153	1	292	1.31e-74	605
BAC07295.1|Rhodobacter_blasticus_1	nifH	NZ_JAAIYP010000026.1_41	vnfH	50	294	6	2	1	154	1	294	1.92e-74	604
BAD80886.1|Heliorestis_baculata_1	nifH	NZ_WBXO01000004.1_19	nifH	88	287	6	2	1	262	1	284	2.67e-158	1237
BAD80888.1|Heliorestis_daurensis_1	nifH	NZ_CP045875.1_2188	nifH	89	284	7	1	1	259	1	284	2.91e-160	1251
BAD93282.1|Halorhodospira_halophila_1	nifH	NZ_NHSN01000005.1_21	nifH	100	291	0	0	1	291	1	291	3.79e-192	1486
BAD95753.1|Heliobacterium_chlorum_1	nifH	NZ_JACVHF010000011.1_41	nifH	100	284	0	0	1	284	1	284	1.59e-186	1444
BAE15989.1|Derxia_gummosa_1	nifH	NZ_AXWS01000007.1_490	nifH	72	290	28	7	1	238	1	290	1.06e-117	940
BAE50378.1|Magnetospirillum_magneticum_1	nifH	NC_007626.1_1587	nifH	100	295	0	0	1	295	1	295	1.55e-194	1504
BAE85358.1|Desulfitobacterium_hafniense_1	nifH	DARO01000003.1_26	nflH	63	259	87	2	1	251	1	258	9.08e-102	817
BAE85627.1|Desulfitobacterium_hafniense_1	nifH	CAKRDI010000061.1_2	nflH	57	257	105	1	1	252	1	257	5.41e-93	753
BAF47151.1|Gloeothece_sp._1	nifH	NETF01000165.1_37	nifH	99	290	3	0	1	290	1	290	1.48e-189	1467
BAF48338.1|Amorphomonas_oryzae_1	nifH	NZ_QPIX01000006.1_172	nifH	82	296	12	2	1	254	1	296	1.52e-147	1159
BAF52038.1|uncultured_nitrogen-fixing_1	nifH	DBRO01000109.1_32	nifH	50	272	6	2	1	141	1	272	4.95e-65	546
BAF52077.1|uncultured_nitrogen-fixing_1	nifH	DBRO01000109.1_32	nifH	50	272	5	2	1	141	1	272	1.03e-65	551
BAF52101.1|uncultured_nitrogen-fixing_1	nifH	NZ_JHYD01000046.1_43	nifH	50	272	5	2	1	141	1	272	7.51e-66	552
BAF52122.1|uncultured_nitrogen-fixing_1	nifH	LIUG01000026.1_12	nifH	51	272	1	2	1	141	1	272	6.7e-68	567
BAF52138.1|uncultured_nitrogen-fixing_1	nifH	DBRO01000109.1_32	nifH	50	272	5	2	1	141	1	272	5.48e-66	553
BAF52182.1|uncultured_nitrogen-fixing_1	nifH	LR026962.1_650	nifH	50	274	6	2	1	143	1	274	1.01e-67	566
BAF52196.1|uncultured_nitrogen-fixing_1	nifH	JAEWMY010000028.1_7	nifH	50	274	7	2	1	143	1	274	5.39e-68	568
BAF52205.1|uncultured_nitrogen-fixing_1	nifH	LR026962.1_650	nifH	50	274	5	2	1	143	1	274	1.53e-68	572
BAF52209.1|uncultured_nitrogen-fixing_1	nifH	LBCX01000114.1_4	nifH	51	274	4	2	1	143	1	274	3.17e-69	577
BAF52234.1|uncultured_nitrogen-fixing_1	nifH	NC_015577.1_2585	nifH	50	274	6	2	1	143	1	274	1.9e-67	564
BAF52286.1|uncultured_nitrogen-fixing_1	nifH	LBCX01000114.1_4	nifH	52	274	1	2	1	143	1	274	3.87e-71	591
BAF96788.1|uncultured_archaeon_1	nifH	QBUN01000420.1_27	nifH	81	273	8	1	1	228	1	273	1.22e-137	1083
BAF96793.1|uncultured_archaeon_1	nifH	PQXF01000004.1_158	nifH	79	273	11	1	1	228	1	273	8.15e-137	1077
BAF96798.1|uncultured_archaeon_1	nifH	WSZT01000042.1_4	nifH	83	273	1	1	1	228	1	273	4.45e-141	1108
BAF96808.1|uncultured_archaeon_1	nifH	QBUV01000135.1_7	nifH	80	273	9	1	1	228	1	273	5.44e-136	1071
BAG83808.1|Candidatus_Azobacteroides_1	nifH	AP010656.1_637	nifH	100	274	0	0	1	274	1	274	3.91e-184	1425
BAH06000.1|Clostridium_kluyveri_1	nifH	NZ_JAGGLM010000008.1_49	nifH	90	278	22	1	1	278	1	272	3.19e-162	1266
BAH23271.1|Paenibacillus_graminis_1	nifH	NZ_JAIEUI010000007.1_151	nifH	96	289	11	1	1	289	1	288	8.89e-181	1403
BAH24186.1|Paenibacillus_abekawaensis_1	nifH	NZ_CP004078.1_3099	nifH	94	290	17	0	1	290	1	290	8.26e-183	1418
BAH75547.1|Desulfovibrio_magneticus_1	nifH	NC_012796.1_1986	nifH	100	274	0	0	1	274	1	274	3.6e-183	1418
BAI60436.1|Methanocella_paludicola_1	nifH	NC_017034.1_64	nflH	90	262	27	0	1	262	1	262	1.24e-154	1203
BAI60977.1|Methanocella_paludicola_1	nifH	NC_013665.1_923	nflH	100	283	0	0	1	283	1	283	1.44e-188	1453
BAI69593.1|Hydrogenobacter_thermophilus_1	nifH	NC_013799.1_1134	nifH	80	279	0	1	1	223	1	279	6.49e-138	1085
BAI71409.1|Azospirillum_sp._1	nifH	NZ_CP039634.1_1532	nifH	100	298	0	0	1	298	1	298	6.03e-197	1522
BAK47519.1|Clostridium_sp._1	nifH	DEPS01000139.1_36	nflH	66	283	62	2	1	256	1	277	1.03e-117	935
BAK71909.1|Arcobacter_sp._1	nifH	NZ_CP041403.1_76	nifH	74	304	19	1	1	244	1	304	3.12e-138	1091
BAL23130.1|Azoarcus_sp._1	nifH	NC_020516.1_771	nifH	100	289	0	0	1	289	1	289	1.41e-189	1467
BAL26358.1|Azoarcus_sp._1	nifH	NZ_FTMD01000016.1_48	nifH	96	293	13	0	1	293	1	293	1.14e-184	1432
BAN57396.1|uncultured_bacterium_1	nifH	WASP01000006.1_131	nifH	51	273	0	2	1	138	1	273	1.47e-66	557
CAA27407.1|Methanococcus_voltae_1	nifH	NZ_JANUCQ010000004.1_52	nflH	100	278	1	0	1	278	1	278	3.63e-187	1442
CAA27553.1|Azotobacter_chroococcum_1	nifH	NZ_SMMU01000027.1_45	vnfH	99	290	2	0	1	290	1	290	1.44e-190	1461
CAA30359.1|Clostridium_pasteurianum_1	nifH	NZ_BAEV01000046.1_24	nifH	95	273	15	0	1	273	1	273	4.44e-171	1330
CAA30361.1|Clostridium_pasteurianum_1	nifH	NZ_CP009268.1_3730	anfH	79	275	0	1	1	217	1	275	1.17e-135	1059
CAA30362.1|Clostridium_pasteurianum_1	nifH	NZ_CP009268.1_1372	nifH	95	273	14	0	1	273	1	273	1.71e-171	1333
CAA30364.1|Clostridium_pasteurianum_1	nifH	NC_021182.1_3330	nifH	97	272	7	0	1	272	1	272	3.13e-175	1360
CAA30381.1|Methanothermococcus_thermolithotrophicus_1	nifH	NZ_AQXV01000052.1_63	nflH	99	292	2	0	1	292	1	292	8.46e-196	1507
CAA30384.1|Methanobacterium_ivanovii_1	nifH	NZ_KN050694.1_106	nflH	100	263	1	0	1	263	1	263	2.52e-173	1339
CAA32055.1|Methanothermococcus_thermolithotrophicus_1	nifH	JAGSYV010000023.1_39	anfH	70	224	60	2	1	218	1	223	1.67e-102	814
CAA39548.1|Methanobacterium_ivanovii_1	nifH	NC_015216.1_1812	anfH	74	275	25	1	1	228	1	275	7.48e-131	1025
CAA39552.1|Methanosarcina_barkeri_1	nifH	NZ_CP009526.1_2659	anfH	99	275	2	0	1	275	1	275	1.72e-184	1419
CAA39556.1|Methanosarcina_barkeri_1	nifH	NZ_CP009528.1_3032	nifH	84	273	0	1	1	228	1	273	3.85e-143	1123
CAA44954.1|Rhodobacter_capsulatus_1	nifH	NC_014034.1_568	nifH	100	295	0	0	1	295	1	295	8.22e-195	1506
CAA49624.1|Rhodobacter_capsulatus_1	nifH	NC_014034.1_581	anfH	100	275	0	0	1	275	1	275	1.72e-184	1419
CAA61216.1|Methanothermobacter_thermautotrophicus_1	nifH	DAGC01000013.1_93	anfH	85	275	42	0	1	275	1	275	8.8e-162	1254
CAA65427.1|Alcaligenes_faecalis_1	nifH	NZ_AOBS01000009.1_54	nifH	97	296	6	1	1	296	1	293	2.01e-186	1445
CAA90932.1|Herbaspirillum_seropedicae_1	nifH	NZ_CP011930.1_2832	nifH	100	292	0	0	1	292	1	292	1.42e-191	1482
CAB38722.1|Rhodobacter_sphaeroides_1	nifH	NC_007493.2_1913	ChIl	99	297	2	0	1	297	1	297	5.67e-199	1536
CAB40568.1|Rhizobium_galegae_1	nifH	NZ_CP090097.1_72	nifH	68	298	0	2	1	202	1	298	6.27e-114	910
CAC27791.1|Paenibacillus_durus_1	nifH	NZ_CP009288.1_1206	nifH	98	292	6	0	1	292	1	292	8.74e-190	1469
CAC27795.1|Paenibacillus_durus_1	nifH	JAEZKS010000250.1_8	nflH	60	317	101	3	1	292	1	316	9.45e-121	963
CAD43944.1|Rhizobium_sp._1	nifH	NZ_MXPU01000067.1_1	nifH	77	257	14	2	1	211	1	257	7.32e-120	951
CAD43946.1|Sinorhizobium_sp._1	nifH	CAIUXT010000226.1_83	nifH	82	239	15	2	1	211	1	239	2.23e-122	968
CAD56229.1|Paenibacillus_durus_1	nifH	NZ_CP011114.1_3302	vnfH	100	292	1	0	1	292	1	292	2.43e-195	1496
CAD91849.1|Methylobacter_luteus_1	nifH	CAIPDT010000062.1_1	nifH	61	231	7	2	1	147	1	231	7.24e-76	623
CAE10460.1|Wolinella_succinogenes_1	nifH	NZ_CP041403.1_76	nifH	83	304	51	1	1	303	1	304	1.4e-165	1295
CAE26819.1|Rhodopseudomonas_palustris_1	nifH	NZ_CP019966.1_4582	nifH	97	297	9	1	1	296	1	297	5.74e-186	1442
CAE27794.1|Rhodopseudomonas_palustris_1	nifH	JAEZKS010000250.1_8	nflH	60	319	96	4	1	291	1	316	4.89e-121	965
CAG75856.1|Pectobacterium_atrosepticum_1	nifH	CP036163.1_964	nifH	100	293	0	0	1	293	1	293	1.92e-194	1503
CAJ36850.1|uncultured_methanogenic_1	nifH	NC_009464.1_1403	nifH	100	274	0	0	1	274	1	274	5.74e-181	1402
CAJ37158.1|uncultured_methanogenic_1	nifH	NC_009464.1_1105	nflH	99	274	0	1	1	272	1	274	1.66e-177	1371
CAJ65436.1|Frankia_alni_1	nifH	JAJYPS010000077.1_4	nifH	85	288	42	1	1	287	1	288	4.75e-163	1274
CAK10385.1|Rhizobium_leguminosarum_1	nifH	NZ_WUFT01000009.1_255	nifH	100	297	0	0	1	297	1	297	3.24e-194	1502
CAL79071.1|Bradyrhizobium_sp._1	nifH	NC_009445.1_5088	nifH	100	295	1	0	1	295	1	295	3.69e-193	1494
CAP54379.1|Gluconacetobacter_diazotrophicus_1	nifH	NC_011365.1_1575	nifH	100	298	0	0	1	298	1	298	6.44e-194	1500
CAP64045.1|Cupriavidus_taiwanensis_1	nifH	NZ_JALHRX010000039.1_4	nifH	100	293	0	0	1	293	1	293	1.62e-192	1489
CAQ76876.1|Sinorhizobium_meliloti_1	nifH	NZ_JAILYJ010000053.1_1	nifH	77	242	10	2	1	196	1	242	1.7e-112	895
CBA74115.1|Burkholderia_sp._1	nifH	NZ_BADL01000543.1_38	nifH	68	263	10	2	1	189	1	263	1.11e-104	839
CBA74129.1|Burkholderia_sp._1	nifH	NZ_BADL01000543.1_38	nifH	66	263	15	2	1	189	1	263	6.15e-102	819
CBH36741.1|uncultured_archaeon_1	nifH	PRCZ01000009.1_49	nflH	97	300	9	0	1	300	1	300	3.32e-195	1504
CBH39757.1|uncultured_archaeon_1	nifH	JAGXOR010000026.1_4	nflH	85	297	43	1	1	297	1	296	2.47e-171	1330
CBH40055.1|uncultured_archaeon_1	nifH	QENH01000197.1_58	nflH	62	301	107	3	1	295	1	300	1.06e-121	969
CBI83616.1|uncultured_bacterium_1	nifH	JAEUNY010000115.1_1	nifH	61	224	6	2	1	143	1	224	3.71e-75	617
CBI83617.1|uncultured_bacterium_1	nifH	NZ_LR738849.1_694	anfH	50	275	6	2	1	143	1	275	9.74e-70	572
CBI83647.1|uncultured_bacterium_1	nifH	MKRS01000748.1_3	nifH	51	274	3	2	1	143	1	274	2.32e-69	578
CBI83653.1|uncultured_bacterium_1	nifH	JAEYKI010000006.1_109	anfH	50	275	6	2	1	143	1	275	5.19e-70	574
CBI83654.1|uncultured_bacterium_1	nifH	JAEXAZ010000120.1_9	nifH	50	272	6	2	1	141	1	272	5.48e-66	553
CBK74006.1|Butyrivibrio_fibrisolvens_1	nifH	CADAHD010000483.1_2	nflH	88	291	36	0	1	291	1	291	9.85e-172	1332
CBK81299.1|Coprococcus_catus_1	nifH	DEPS01000139.1_36	nflH	69	285	54	2	1	258	1	277	1.69e-122	970
CBK81306.1|Coprococcus_catus_1	nifH	CAKRDI010000061.1_2	nflH	71	257	70	2	1	253	1	257	8.53e-122	963
CBL04240.1|Gordonibacter_pamelaeae_1	nifH	DAYM01000013.1_170	nflH	50	293	124	3	1	293	1	270	1.3e-84	696
CBL20128.1|Ruminococcus_sp._1	nifH	DEPS01000139.1_36	nflH	64	278	47	4	1	225	1	277	4.05e-103	826
CBL23059.1|Ruminococcus_obeum_1	nifH	DEPS01000139.1_36	nflH	70	280	53	2	1	253	1	277	1.29e-124	985
CBL23067.1|Ruminococcus_obeum_1	nifH	CAKRDI010000061.1_2	nflH	73	257	67	2	1	255	1	257	4.78e-122	965
CBL25132.1|Ruminococcus_torques_1	nifH	DEPS01000139.1_36	nflH	69	282	55	2	1	255	1	277	1.87e-124	984
CBL25139.1|Ruminococcus_torques_1	nifH	CAKRDI010000061.1_2	nflH	76	258	61	1	1	258	1	257	3.53e-132	1039
CBN57732.1|Oscillatoria_sp._1	nifH	DYNF01000061.1_3	nifH	90	301	28	1	1	300	1	301	1.31e-181	1411
CBX26830.1|uncultured_Desulfobacterium_1	nifH	JAHIFE010000121.1_54	nifH	86	274	5	1	1	242	1	274	2.37e-151	1184
CBZ41594.1|uncultured_bacterium_1	nifH	NZ_AJTV01000023.1_11	vnfH	50	291	6	2	1	152	1	291	1.55e-73	597
CCA63492.1|Rhizobium_sp._1	nifH	CCRI01000031.1_17	nifH	82	298	0	2	1	245	1	298	3.83e-149	1170
CCA63512.1|Sinorhizobium_meliloti_1	nifH	NZ_MXPU01000067.1_1	nifH	85	267	7	3	1	245	1	257	9.2e-141	1106
CCB66847.1|Hyphomicrobium_sp._1	nifH	NC_015717.1_3380	nifH	100	294	0	0	1	294	1	294	4.81e-193	1493
CCC72668.1|Megasphaera_elsdenii_1	nifH	DEPS01000139.1_36	nflH	58	277	88	3	1	248	1	277	5.68e-100	805
CCC72677.1|Megasphaera_elsdenii_1	nifH	DEPS01000139.1_36	nflH	71	278	54	2	1	251	1	277	1.12e-123	978
CCG41896.1|Phaeospirillum_molischianum_1	nifH	NZ_AQPH01000002.1_92	vnfH	98	292	5	0	1	292	1	292	5.69e-190	1457
CCH50130.1|Desulfovibrio_piezophilus_1	nifH	NC_020409.1_2870	nifH	100	276	0	0	1	276	1	276	1.22e-184	1429
CCJ08074.1|Methylocystis_sp._1	nifH	NC_018485.1_2638	nifH	100	295	0	0	1	295	1	295	1.43e-193	1497
CCJ35251.1|Methanoculleus_bourgensis_1	nifH	NC_018227.2_330	nflH	83	272	0	1	1	227	1	272	9.58e-142	1107
CCP42404.1|uncultured_bacterium_1	nifH	JACQYN010000073.1_8	nifH	50	221	10	2	1	120	1	221	1.93e-53	456
CCQ92501.1|Clostridium_ultunense_1	nifH	NZ_KE387171.1_235	nifH	68	300	29	3	1	243	1	291	1.94e-122	975
CCX55940.1|Veillonella_sp._1	nifH	NZ_CP048649.1_196	nifH	55	224	90	3	1	215	1	223	4.24e-73	608
CCY14113.1|Eubacterium_sp._1	nifH	CAKRDI010000061.1_2	nflH	68	257	77	1	1	251	1	257	3.16e-115	915
CCY14121.1|Eubacterium_sp._1	nifH	DEPS01000139.1_36	nflH	52	286	45	2	1	203	1	277	1.89e-81	666
CCY97526.1|Ruminococcus_sp._1	nifH	CAKRDI010000061.1_2	nflH	74	257	65	1	1	255	1	257	2.1e-127	1004
CCY97534.1|Ruminococcus_sp._1	nifH	DEPS01000139.1_36	nflH	69	284	53	2	1	257	1	277	1.2e-122	971
CCZ64898.1|Roseburia_sp._1	nifH	DEPS01000139.1_36	nflH	68	280	60	2	1	253	1	277	3.5e-121	960
CCZ64907.1|Roseburia_sp._1	nifH	CAKRDI010000061.1_2	nflH	62	298	72	2	1	298	1	257	1.1e-114	915
CCZ78924.1|Roseburia_sp._2	nifH	CAKRDI010000061.1_2	nflH	55	269	64	3	1	224	1	257	2.01e-87	710
CCZ78932.1|Roseburia_sp._1	nifH	DEPS01000139.1_36	nflH	68	280	60	2	1	253	1	277	2.13e-119	947
CDA09285.1|Clostridium_bartlettii_1	nifH	DARO01000003.1_26	nflH	58	260	93	3	1	247	1	258	3.89e-94	761
CDA34612.1|Firmicutes_bacterium_1	nifH	DEPS01000139.1_36	nflH	64	278	72	3	1	250	1	277	3.54e-108	865
CDA34619.1|Firmicutes_bacterium_1	nifH	CAKRDI010000061.1_2	nflH	60	257	100	2	1	253	1	257	1.01e-95	773
CDA47795.1|Dialister_sp._1	nifH	DALN01000141.1_15	nflH	59	274	108	3	1	272	1	272	1.01e-103	834
CDB34630.1|Phascolarctobacterium_sp._1	nifH	DARO01000003.1_26	nflH	60	260	95	3	1	252	1	258	3.76e-99	798
CDB45091.1|Phascolarctobacterium_sp._1	nifH	JAFPVA010000043.1_27	nifH	62	283	97	4	1	272	1	283	1.42e-105	854
CDB45137.1|Phascolarctobacterium_sp._1	nifH	JAHIHJ010000353.1_5	nifH	61	274	103	3	1	270	1	274	1.72e-103	838
CDB45816.1|Phascolarctobacterium_sp._1	nifH	DARO01000003.1_26	nflH	62	260	94	3	1	256	1	258	1.56e-102	823
CDB78085.1|Blautia_sp._1	nifH	CAKRDI010000061.1_2	nflH	72	257	71	2	1	255	1	257	1.13e-120	955
CDC67214.1|Ruminococcus_sp._1	nifH	DEPS01000139.1_36	nflH	68	280	60	2	1	253	1	277	8.26e-120	950
CDC67217.1|Ruminococcus_sp._1	nifH	CAKRDI010000061.1_2	nflH	65	257	86	2	1	254	1	257	6.75e-112	891
CDD12711.1|Phascolarctobacterium_succinatutens_1	nifH	DARO01000003.1_26	nflH	61	260	94	3	1	254	1	258	9.83e-102	817
CDD23257.1|Firmicutes_bacterium_1	nifH	CAJJJM010000006.1_35	nflH	52	260	112	3	1	247	1	259	2.95e-81	667
CDD70826.1|Firmicutes_bacterium_1	nifH	DEPS01000139.1_36	nflH	66	280	64	2	1	253	1	277	1.95e-118	940
CDD70844.1|Firmicutes_bacterium_1	nifH	CAKRDI010000061.1_2	nflH	73	257	65	1	1	253	1	257	1.92e-123	975
CDE16467.1|Clostridium_sp._1	nifH	CAKQHC010000022.1_8	nflH	58	259	97	4	1	247	1	258	1.46e-87	713
CDE32132.1|Ruminococcus_sp._1	nifH	CAKRDI010000061.1_2	nflH	74	257	66	1	1	255	1	257	7.44e-127	1000
CDE80869.1|Ruminococcus_sp._1	nifH	DARO01000003.1_26	nflH	58	259	101	2	1	253	1	258	4.39e-97	783
CDF42615.1|Roseburia_sp._1	nifH	DARO01000003.1_26	nflH	60	260	97	3	1	254	1	258	3.61e-98	791
EAM50501.1|Crocosphaera_watsonii_1	nifH	NZ_AADV02000024.1_15	nifH	100	296	0	0	1	296	1	296	1.78e-195	1511
EAT05949.1|delta_proteobacterium_1	nifH	NC_014216.1_2470	nifH	92	275	22	0	1	275	1	275	2.78e-168	1310
EAT15955.1|Desulfuromonas_acetoxidans_1	nifH	NZ_AAEW02000007.1_89	nifH	100	292	0	0	1	292	1	292	3.43e-194	1501
EAT59900.1|Chlorobium_ferrooxidans_1	nifH	NZ_AASE01000001.1_44	nifH	100	274	0	0	1	274	1	274	3.91e-184	1425
EAW37219.1|Lyngbya_sp._1	nifH	NZ_AAVU01000012.1_54	nifH	100	300	0	0	1	300	1	300	5.3e-198	1530
EAW46334.1|Nodularia_spumigena_1	nifH	JABXKI010000170.1_15	vnfH	96	298	12	1	1	298	1	297	2.69e-189	1453
EDK33790.1|Clostridium_kluyveri_1	nifH	NC_009706.1_1718	anfH	79	275	0	1	1	217	1	275	4.15e-135	1055
EDK34473.1|Clostridium_kluyveri_1	nifH	DAXO01000049.1_14	nflH	63	258	88	2	1	251	1	257	9.23e-99	795
EDK35089.1|Clostridium_kluyveri_1	nifH	NC_009706.1_3067	nifH	100	272	0	0	1	272	1	272	2.93e-178	1382
EDM62016.1|Dorea_longicatena_1	nifH	CAKRDI010000061.1_2	nflH	70	280	57	2	1	276	1	257	8.74e-126	994
EDM62024.1|Dorea_longicatena_1	nifH	DEPS01000139.1_36	nflH	68	280	59	2	1	253	1	277	4.8e-121	959
EDM89181.1|Ruminococcus_obeum_1	nifH	CAKRDI010000061.1_2	nflH	72	257	71	1	1	255	1	257	1.85e-122	968
EDM89190.1|Ruminococcus_obeum_1	nifH	DEPS01000139.1_36	nflH	71	280	51	2	1	253	1	277	3.63e-125	989
EDP15245.1|Clostridium_bolteae_1	nifH	CAKRDI010000061.1_2	nflH	60	259	102	1	1	259	1	257	7.29e-101	811
EDP17532.1|Clostridium_bolteae_1	nifH	DEPS01000139.1_36	nflH	50	285	108	2	1	258	1	277	4.13e-84	690
EDP41050.1|Methanococcus_voltae_1	nifH	NZ_JANUCR010000003.1_31	nflH	100	278	0	0	1	278	1	278	5.42e-188	1448
EDR47172.1|Dorea_formicigenerans_1	nifH	CAKRDI010000061.1_2	nflH	68	257	75	2	1	251	1	257	2.19e-118	938
EDR47181.1|Dorea_formicigenerans_1	nifH	DEPS01000139.1_36	nflH	54	278	45	2	1	195	1	277	7.18e-84	683
EDR47285.1|Dorea_formicigenerans_1	nifH	DEPS01000139.1_36	nflH	53	277	102	3	1	248	1	277	1.1e-86	708
EDX77768.1|Microcoleus_chthonoplastes_1	nifH	NZ_DS989843.1_36	nifH	100	274	0	0	1	274	1	274	3.31e-182	1411
EDX87850.1|Synechococcus_sp._1	nifH	NZ_AP018207.1_6268	vnfH	82	296	49	1	1	291	1	296	2.35e-160	1242
EDX97588.1|Cyanothece_sp._1	nifH	NC_014501.1_3655	nifH	100	298	0	0	1	298	1	298	2.14e-196	1518
EDY00640.1|Cyanothece_sp._1	nifH	NC_011726.1_1778	nifH	100	296	0	0	1	296	1	296	1.78e-195	1511
EDY82020.1|Verrucomicrobiae_bacterium_1	nifH	DS990592.1_4258	nifH	100	309	0	0	1	309	1	309	1.79e-206	1593
EEG00294.1|'Nostoc_azollae'_1	nifH	CAIVAU010000061.1_60	vnfH	92	302	22	1	1	299	1	302	3.27e-182	1402
EEG00728.1|'Nostoc_azollae'_1	nifH	JAHHHC010000005.1_41	vnfH	96	297	9	2	1	296	1	296	8.13e-188	1442
EEG01482.1|'Nostoc_azollae'_1	nifH	AP018180.1_799	vnfH	89	326	34	1	1	326	1	325	4.55e-193	1485
EEG18913.1|Opitutaceae_bacterium_1	nifH	NZ_ABEA03000205.1_1	anfH	100	274	0	0	1	274	1	274	2.44e-185	1425
EEG22235.1|Opitutaceae_bacterium_1	nifH	NZ_ABEA03000004.1_51	nifH	100	274	0	0	1	274	1	274	4.94e-183	1417
EEG38049.1|Eubacterium_hallii_1	nifH	DEPS01000139.1_36	nflH	69	286	52	2	1	259	1	277	3.27e-122	968
EEG38057.1|Eubacterium_hallii_1	nifH	CAKRDI010000061.1_2	nflH	67	257	80	2	1	251	1	257	5.44e-114	906
EEG50047.1|hydrogenotrophicus_DSM_1	nifH	CAKRDI010000061.1_2	nflH	64	260	85	4	1	254	1	257	6.73e-105	840
EEG76181.1|Dethiobacter_alkaliphilus_1	nifH	NZ_ACJM01000023.1_11	nifH	100	273	0	0	1	273	1	273	2.89e-181	1404
EEG80545.1|Desulfonatronospira_thiodismutans_1	nifH	NZ_ACJN02000001.1_320	nifH	100	276	0	0	1	276	1	276	2.67e-182	1412
EEG91327.1|Coprococcus_comes_1	nifH	CAKRDI010000061.1_2	nflH	73	257	68	1	1	255	1	257	4.16e-124	980
EEG91338.1|Coprococcus_comes_1	nifH	DEPS01000139.1_36	nflH	70	278	56	2	1	251	1	277	8.89e-125	986
EEJ24463.1|Denitrovibrio_acetiphilus_1	nifH	QKFD01000024.1_189	vnfH	71	259	48	2	1	232	1	259	2.85e-118	928
EEK24542.1|Desulfomicrobium_baculatum_1	nifH	NC_013173.1_829	nifH	100	276	0	0	1	276	1	276	8.89e-185	1430
EEN16171.1|Desulfotomaculum_acetoxidans_1	nifH	NC_013216.1_986	nifH	100	275	1	0	1	275	1	275	1.85e-182	1413
EEP56036.1|Clostridium_butyricum_1	nifH	NZ_AP019717.1_418	nifH	100	273	0	0	1	273	1	273	3.97e-181	1403
EEQ48627.1|Selenomonas_flueggei_1	nifH	JALNZQ010000139.1_2	nifH	60	274	103	6	1	270	1	271	1.28e-104	846
EEQ59017.1|Clostridiales_bacterium_1	nifH	CAKRDI010000061.1_2	nflH	59	263	100	3	1	262	1	257	8.19e-98	789
EER67145.1|Allochromatium_vinosum_1	nifH	NZ_SMAO01000007.1_113	vnfH	98	294	5	1	1	294	1	293	1.59e-189	1454
EER76341.1|Methanocaldococcus_fervens_1	nifH	NC_013156.1_1160	nflH	100	279	0	0	1	279	1	279	4.83e-186	1434
EER82084.1|Methanocaldococcus_infernus_1	nifH	JAGSYV010000023.1_39	anfH	68	224	64	2	1	218	1	223	3.59e-100	797
EER82097.1|Methanocaldococcus_infernus_1	nifH	NC_014122.1_53	nflH	100	262	1	0	1	262	1	262	2.2e-172	1332
EER87422.1|Fibrobacter_succinogenes_1	nifH	NZ_FSRT01000003.1_163	nifH	100	281	0	0	1	281	1	281	9.93e-187	1445
EES28798.1|Clostridium_cellulovorans_1	nifH	NC_014393.1_2841	nifH	100	272	0	0	1	272	1	272	2.13e-178	1383
EES29132.1|Clostridium_cellulovorans_1	nifH	CADAHD010000483.1_2	nflH	83	291	48	1	1	290	1	291	1.72e-163	1272
EES53484.1|Leptospirillum_ferrodiazotrophum_1	nifH	DGKK01000015.1_34	nifH	100	291	0	0	1	291	1	291	1.7e-190	1474
EET62280.1|Marvinbryantia_formatexigens_1	nifH	JACIYN010000036.1_27	nifH	70	276	78	3	1	274	1	274	1.33e-127	1014
EET88725.1|Clostridium_carboxidivorans_1	nifH	DEPS01000139.1_36	nflH	67	280	63	2	1	253	1	277	2.92e-119	946
EET88732.1|Clostridium_carboxidivorans_1	nifH	CAKRDI010000061.1_2	nflH	66	257	87	1	1	256	1	257	1.68e-110	881
EEU59346.1|Clostridium_papyrosolvens_1	nifH	NZ_ACXX02000015.1_82	nifH	100	273	0	0	1	273	1	273	1.41e-180	1399
EEW04348.1|Pantoea_sp._1	nifH	NC_014840.1_298	nifH	100	293	0	0	1	293	1	293	3.62e-194	1501
EEW25375.1|Rhodobacter_sp._1	nifH	NZ_ACYY01000009.1_49	nifH	100	295	0	0	1	295	1	295	6.96e-193	1492
EEW34039.1|Mesorhizobium_opportunistum_1	nifH	NC_019973.1_5727	nifH	100	297	0	0	1	297	1	297	3.24e-194	1502
EEX77752.1|Selenomonas_sputigena_1	nifH	NZ_QFFZ01000025.1_39	nifH	58	273	109	3	1	270	1	271	2.08e-99	808
EEZ60752.1|Slackia_exigua_1	nifH	NZ_GG700631.1_110	nifH	100	329	0	0	1	329	1	329	1.5e-218	1684
EFA67824.1|Desulfovibrio_aespoeensis_1	nifH	NC_014844.1_1019	nifH	100	275	0	0	1	275	1	275	6.15e-185	1431
EFA68738.1|Cylindrospermopsis_raciborskii_1	nifH	NZ_AJLK01000041.1_8	vnfH	95	296	14	2	1	295	1	295	2.32e-185	1424
EFB90680.1|Pyramidobacter_piscolens_1	nifH	DARO01000003.1_26	nflH	64	261	82	3	1	251	1	258	6.04e-101	811
EFC22226.1|Desulfovibrio_sp._1	nifH	NZ_CM001368.1_475	nifH	100	274	0	0	1	274	1	274	8.01e-185	1430
EFC24679.1|Rhodopseudomonas_palustris_1	nifH	NZ_CP041387.1_1501	anfH	100	275	0	0	1	275	1	275	6.65e-185	1422
EFC25536.1|Rhodopseudomonas_palustris_1	nifH	NZ_CP041387.1_3597	nifH	100	298	1	0	1	298	1	298	5.93e-193	1493
EFC25942.1|Rhodopseudomonas_palustris_1	nifH	DAXO01000049.1_14	nflH	60	263	99	4	1	263	1	257	4.63e-95	769
EFC65041.1|bacterium_S5_1	nifH	NZ_SSOD01000026.1_25	vnfH	79	294	59	1	1	292	1	294	8.66e-157	1216
EFC83885.1|Frankia_sp._1	nifH	JAJYPS010000077.1_4	nifH	83	288	48	0	1	288	1	288	3e-161	1261
EFD27776.1|Frankia_symbiont_1	nifH	JAJYPS010000077.1_4	nifH	84	290	45	2	1	290	1	288	8.19e-161	1258
EFD38882.1|Ethanoligenens_harbinense_1	nifH	NC_014828.1_1561	nifH	100	274	0	0	1	274	1	274	3.04e-181	1404
EFD40330.1|Ethanoligenens_harbinense_1	nifH	DBTI01000267.1_30	anfH	87	275	35	0	1	275	1	275	7.14e-167	1291
EFD94380.1|Megasphaera_genomosp._1	nifH	DEPS01000139.1_36	nflH	64	277	74	1	1	250	1	277	2.58e-108	866
EFF16860.1|Ruminococcus_albus_1	nifH	NZ_JAGS01000001.1_1449	nifH	100	285	0	0	1	285	1	285	1.05e-188	1460
EFF17186.1|Ruminococcus_albus_1	nifH	DEPS01000139.1_36	nflH	62	281	75	2	1	254	1	277	3.77e-111	887
EFF17189.1|Ruminococcus_albus_1	nifH	CAKRDI010000061.1_2	nflH	57	258	103	4	1	252	1	257	1.27e-91	743
EFF64704.1|Turicibacter_sanguinis_1	nifH	DARO01000003.1_26	nflH	60	260	92	3	1	249	1	258	1.4e-96	779
EFG34074.1|Fusobacterium_sp._1	nifH	JAHEQA010000004.1_117	nflH	51	280	131	4	1	276	1	277	1.46e-88	724
EFG96608.1|Clostridium_lentocellum_1	nifH	DAYM01000013.1_170	nflH	62	271	85	3	1	254	1	270	1.13e-103	832
EFG97044.1|Clostridium_lentocellum_1	nifH	NC_015275.1_445	nifH	100	272	0	0	1	272	1	272	2.32e-179	1390
EFH04962.1|Methylosinus_trichosporium_1	nifH	NZ_CP023737.1_1729	nifH	100	295	0	0	1	295	1	295	5.51e-194	1500
EFI72879.1|Prevotella_bryantii_1	nifH	NZ_CP091800.1_209	nifH	83	283	0	1	1	235	1	283	3.23e-147	1154
EFK11139.1|delta_proteobacterium_1	nifH	ADZZ01000138.1_15	nifH	100	274	0	0	1	274	1	274	2.22e-181	1405
EFL48887.1|Methanothermococcus_okinawensis_1	nifH	JAGSYV010000023.1_39	anfH	72	228	58	1	1	228	1	223	2.38e-110	872
EFL49005.1|Methanothermococcus_okinawensis_1	nifH	NC_015636.1_828	nflH	100	280	0	0	1	280	1	280	1.04e-186	1439
EFL50986.1|Desulfovibrio_fructosovorans_1	nifH	JAEWCY010000066.1_3	nifH	96	274	11	0	1	274	1	274	1.59e-177	1377
EFL51485.1|Desulfovibrio_fructosovorans_1	nifH	DEPS01000139.1_36	nflH	52	277	105	3	1	248	1	277	9.97e-86	701
EFL51950.1|Desulfovibrio_fructosovorans_1	nifH	NZ_AECZ01000006.1_4	nifH	100	274	0	0	1	274	1	274	1.51e-184	1428
EFL62576.1|Acetivibrio_cellulolyticus_1	nifH	NZ_JH556659.1_645	nifH	100	273	0	0	1	273	1	273	7.48e-181	1401
EFM00075.1|Ruminococcus_albus_1	nifH	CAKRDI010000061.1_2	nflH	58	258	101	4	1	252	1	257	5.41e-93	753
EFM00078.1|Ruminococcus_albus_1	nifH	DEPS01000139.1_36	nflH	64	281	71	2	1	254	1	277	6.79e-114	907
EFM23483.1|Selenomonas_sp._1	nifH	NC_014328.1_462	nifH	59	273	109	3	1	270	1	272	1.31e-104	846
EFO06039.1|Methylobacter_tundripaludum_1	nifH	NZ_JH109153.1_255	nifH	80	293	0	1	1	235	1	293	3.98e-143	1125
EFO82066.1|Oscillochloris_trichoides_1	nifH	JAAXUL010000259.1_3	nifH	92	273	22	0	1	273	1	273	9.7e-169	1313
EFQ04981.1|Megasphaera_micronuciformis_1	nifH	DEPS01000139.1_36	nflH	58	277	98	4	1	260	1	277	2.75e-99	801
EFQ04990.1|Megasphaera_micronuciformis_1	nifH	DEPS01000139.1_36	nflH	67	278	65	2	1	251	1	277	2.02e-119	947
EFR41674.1|Selenomonas_sp._1	nifH	PQXF01000004.1_158	nifH	59	273	108	3	1	269	1	273	4.37e-100	813
EFR65342.1|Eubacterium_cellulosolvens_1	nifH	CAKRDI010000061.1_2	nflH	60	257	99	1	1	254	1	257	3.87e-99	798
EFV02738.1|Pseudoramibacter_alactolyticus_1	nifH	DEPS01000139.1_36	nflH	63	284	69	3	1	256	1	277	1.47e-107	861
EFV02746.1|Pseudoramibacter_alactolyticus_1	nifH	CAKRDI010000061.1_2	nflH	61	258	97	2	1	255	1	257	1.6e-96	779
EFX98811.1|Methylocystis_sp._1	nifH	NZ_KE124774.1_3718	nifH	100	293	0	0	1	293	1	293	3.87e-191	1479
EFY04384.1|Phascolarctobacterium_sp._1	nifH	JACRJN010000066.1_1	nifH	61	274	102	4	1	268	1	274	6.32e-104	841
EGB14507.1|Desulfovibrio_desulfuricans_1	nifH	NC_016803.1_1296	nifH	100	275	0	0	1	275	1	275	1.59e-184	1428
EGB21515.1|Desulfotomaculum_nigrificans_1	nifH	NZ_KI912183.1_849	nifH	100	272	0	0	1	272	1	272	3.77e-181	1403
EGD60366.1|Novosphingobium_nitrogenifigens_1	nifH	NZ_GL876925.1_61	nifH	100	291	0	0	1	291	1	291	1.24e-190	1475
EGJ10941.1|Rubrivivax_benzoatilyticus_1	nifH	NZ_AEWG01000097.1_7	nifH	100	293	0	0	1	293	1	293	1.62e-192	1489
EGJ49116.1|Desulfovibrio_africanus_1	nifH	NZ_AULZ01000001.1_399	nifH	100	274	0	0	1	274	1	274	1.76e-182	1413
EGK03248.1|Dysgonomonas_gadei_1	nifH	NZ_SPPK01000008.1_17	nifH	99	274	2	0	1	274	1	274	1.01e-183	1422
EGK58386.1|Centipeda_periodontii_1	nifH	NZ_QFFZ01000025.1_39	nifH	59	273	108	3	1	270	1	271	7.78e-103	833
EGK89721.1|Acidithiobacillus_ferrivorans_1	nifH	JAAOMR010000125.1_36	nifH	100	295	0	0	1	295	1	295	9.56e-193	1491
EGO62663.1|Acetonema_longum_1	nifH	CAKQHC010000022.1_8	nflH	60	260	89	3	1	247	1	258	1.51e-94	764
EGO64491.1|Acetonema_longum_1	nifH	JAEZKS010000250.1_8	nflH	59	319	99	4	1	291	1	316	1.98e-118	946
EGS32132.1|Megasphaera_sp._1	nifH	CAKRDI010000061.1_2	nflH	62	258	90	3	1	251	1	257	7.1e-103	825
EGS32192.1|Megasphaera_sp._1	nifH	DEPS01000139.1_36	nflH	61	282	78	2	1	255	1	277	5.77e-105	842
EGV19816.1|Thiocapsa_marina_1	nifH	NZ_AFWV01000003.1_365	nifH	100	294	0	0	1	294	1	294	4.81e-193	1493
EGV20999.1|Marichromatium_purpuratum_1	nifH	RZZN01000072.1_7	nifH	94	293	19	0	1	293	1	293	2.5e-182	1415
EGV29506.1|Thiorhodococcus_drewsii_1	nifH	NZ_AFWT01000026.1_4	anfH	83	275	0	1	1	228	1	275	6.5e-144	1120
EGV30156.1|Thiorhodococcus_drewsii_1	nifH	NZ_AFWT01000020.1_73	nifH	100	291	0	0	1	291	1	291	4.78e-191	1478
EGW37575.1|Desulfosporosinus_sp._1	nifH	NZ_AGAF01000212.1_35	anfH	79	275	0	1	1	217	1	275	1.07e-134	1052
EGW39330.1|Desulfosporosinus_sp._1	nifH	NZ_AGAF01000125.1_10	nifH	100	275	0	0	1	275	1	275	3.21e-181	1404
EGW62911.1|Dechlorosoma_suillum_1	nifH	NZ_SHKM01000002.1_333	nifH	100	291	0	0	1	291	1	291	1.7e-190	1474
EGX99768.1|Azospirillum_amazonense_1	nifH	NZ_VITN01000004.1_23	nifH	99	294	4	0	1	294	1	294	2.97e-191	1480
EGZ42772.1|Thiocystis_violascens_1	nifH	NC_018012.1_3618	nifH	100	293	0	0	1	293	1	293	3.06e-192	1487
EGZ49204.1|Thiorhodospira_sibirica_1	nifH	JAGRHA010000290.1_18	nifH	89	297	28	1	1	297	1	293	9.52e-174	1353
EGZ55571.1|Thiorhodovibrio_sp._1	nifH	NZ_AFWV01000003.1_365	nifH	92	295	22	1	1	295	1	294	1.53e-179	1395
EHC17365.1|Desulfosporosinus_meridiei_1	nifH	NC_018515.1_3857	nifH	80	275	0	1	1	219	1	275	9.67e-134	1054
EHD21360.1|Brenneria_sp._1	nifH	NZ_CP034036.1_1924	nifH	80	294	0	1	1	236	1	294	1.4e-145	1143
EHE97178.1|Clostridium_citroniae_1	nifH	CAKRDI010000061.1_2	nflH	59	259	104	1	1	259	1	257	2.14e-98	793
EHE99575.1|Clostridium_citroniae_1	nifH	DARO01000003.1_26	nflH	62	260	89	4	1	251	1	258	1.71e-101	815
EHF08591.1|Methanolinea_tarda_1	nifH	JANIHI010000001.1_133	nflH	71	271	34	1	1	226	1	271	2.3e-119	944
EHG05102.1|Desulfotomaculum_gibsoniae_1	nifH	NC_021184.1_2329	nifH	100	274	0	0	1	274	1	274	4.54e-182	1410
EHG07866.1|Desulfobacter_postgatei_1	nifH	NZ_CM001488.1_3182	nifH	100	274	0	0	1	274	1	274	8.57e-182	1408
EHG18873.1|Selenomonas_infelix_1	nifH	NC_014328.1_462	nifH	58	273	110	3	1	270	1	272	3.09e-103	836
EHH13995.1|Mesorhizobium_amorphae_1	nifH	NZ_CP015322.1_414	nifH	100	297	0	0	1	297	1	297	3.53e-195	1509
EHI97196.1|Clostridium_sp._1	nifH	CADAHD010000483.1_2	nflH	81	291	53	1	1	290	1	291	8.19e-159	1238
EHJ00773.1|Clostridium_sp._1	nifH	NZ_CM001240.1_4217	anfH	79	275	0	1	1	217	1	275	1.61e-135	1058
EHJ01844.1|Clostridium_sp._1	nifH	JAEZKY010000275.1_2	nifH	99	277	3	0	1	277	1	277	8.47e-180	1394
EHL64126.1|Synergistes_sp._1	nifH	CAKRDI010000061.1_2	nflH	63	257	90	1	1	251	1	257	2.64e-106	850
EHM39130.1|Anaeroglobus_geminatus_1	nifH	DEPS01000139.1_36	nflH	66	280	75	3	1	263	1	277	1.77e-121	963
EHM41339.1|Flavonifractor_plautii_1	nifH	WAKW01000002.1_72	nflH	53	280	117	5	1	265	1	280	2.09e-94	766
EHO16524.1|Lachnospiraceae_bacterium_1	nifH	JAEDJU010000038.1_5	nflH	57	262	100	5	1	254	1	258	3.62e-88	718
EHO34370.1|Lachnospiraceae_bacterium_1	nifH	WAKW01000002.1_72	nflH	52	280	118	5	1	265	1	280	2.87e-94	765
EHO63766.1|Dialister_succinatiphilus_1	nifH	NZ_JMIY01000001.1_759	nifH	61	274	104	2	1	272	1	274	4.49e-106	857
EHP11122.1|Holophaga_foetida_1	nifH	NZ_KI912268.1_870	nifH	100	274	0	0	1	274	1	274	8.57e-182	1408
EHP56781.1|Desulfitobacterium_dehalogenans_1	nifH	CAKRDI010000061.1_2	nflH	58	257	103	2	1	252	1	257	5.41e-93	753
EHP85405.1|Methanotorris_formicicus_1	nifH	NZ_AGJL01000035.1_12	nflH	100	290	0	0	1	290	1	290	4.32e-193	1487
EHQ36875.1|Methanoplanus_limicola_1	nifH	NZ_CM001436.1_2826	nflH	100	274	0	0	1	274	1	274	3.37e-181	1398
EHQ53242.1|Ectothiorhodospira_sp._1	nifH	NZ_SMAO01000007.1_113	vnfH	72	293	24	1	1	235	1	293	2.14e-130	1019
EHQ91738.1|Desulfosporosinus_youngiae_1	nifH	NZ_CM001441.1_4629	nifH	100	275	0	0	1	275	1	275	1.7e-181	1406
EHR00803.1|Bradyrhizobium_sp._1	nifH	NZ_CM001442.1_1354	nifH	100	296	0	0	1	296	1	296	7.97e-194	1499
EHR69902.1|Burkholderiales_bacterium_1	nifH	CM001438.1_1010	nifH	100	293	0	0	1	293	1	293	1.09e-191	1483
EIG54448.1|Desulfovibrio_sp._1	nifH	NZ_CP045504.1_2408	anfH	96	275	11	1	1	275	1	274	1.62e-176	1361
EIJ36507.1|Thiothrix_nivea_1	nifH	NZ_JH651384.1_4051	nifH	100	291	0	0	1	291	1	291	5.2e-192	1485
EIJ42511.1|Beggiatoa_alba_1	nifH	NZ_SSOD01000026.1_25	vnfH	89	299	26	2	1	298	1	294	1.06e-175	1354
EIM30737.1|Microvirga_sp._1	nifH	NZ_JH660636.1_132	nifH	100	297	0	0	1	297	1	297	1.72e-194	1504
EIW15614.1|Pelosinus_fermentans_1	nifH	DARO01000003.1_26	nflH	64	259	85	2	1	251	1	258	1.87e-102	822
EIW16187.1|Pelosinus_fermentans_1	nifH	NZ_AKVN02000001.1_1918	nifH	100	273	0	0	1	273	1	273	1.12e-181	1407
EIW17160.1|Pelosinus_fermentans_1	nifH	JAEZKS010000250.1_8	nflH	62	319	91	4	1	291	1	316	1.81e-124	990
EIW20049.1|Pelosinus_fermentans_1	nifH	NZ_AKVN02000001.1_1161	anfH	79	275	0	1	1	217	1	275	1.07e-134	1052
EIW49245.1|Pelosinus_fermentans_1	nifH	DAXO01000049.1_14	nflH	62	258	89	3	1	249	1	257	1.13e-94	765
EIZ79690.1|Novosphingobium_sp._1	nifH	NZ_AKFJ01000028.1_60	nifH	100	293	0	0	1	293	1	293	1.18e-192	1490
EJC75087.1|Rhizobium_leguminosarum_1	nifH	NZ_JAGIOR010000001.1_1671	nifH	97	295	9	0	1	295	1	295	4.22e-187	1450
EJC80732.1|Rhizobium_leguminosarum_1	nifH	NZ_JH719395.1_2320	nifH	100	295	0	0	1	295	1	295	1.31e-192	1490
EJF39145.1|Clostridium_sp._1	nifH	NZ_CBYL010000024.1_21	nifH	100	285	0	0	1	285	1	285	3.16e-186	1442
EJF39147.1|Clostridium_sp._1	nifH	DARO01000003.1_26	nflH	63	259	92	2	1	257	1	258	1.46e-101	816
EJF40737.1|Clostridium_sp._1	nifH	DARO01000003.1_26	nflH	58	260	99	3	1	252	1	258	9.15e-95	766
EJG06504.1|Methanofollis_liminatans_1	nifH	NZ_CM001555.1_533	nifH	100	274	0	0	1	274	1	274	5.74e-181	1402
EJG07797.1|Methanofollis_liminatans_1	nifH	NZ_CM001555.1_1831	nflH	100	276	0	0	1	276	1	276	1.44e-181	1401
EJI87739.1|Enterobacter_radicincitans_1	nifH	NZ_CP018016.1_2719	nifH	99	293	0	1	1	291	1	293	1.3e-190	1475
EJI90638.1|Enterobacter_radicincitans_1	nifH	NZ_CP018016.1_2212	anfH	79	275	0	1	1	217	1	275	6.22e-136	1061
EJU22267.1|Mogibacterium_sp._1	nifH	DEPS01000139.1_36	nflH	61	278	79	3	1	250	1	277	2.58e-108	866
EJU22321.1|Mogibacterium_sp._1	nifH	CAKRDI010000061.1_2	nflH	51	265	113	2	1	257	1	257	1.39e-84	692
EJW09446.1|Rhodovulum_sp._1	nifH	NZ_AKZI01000179.1_1	nifH	100	299	0	0	1	299	1	299	1.51e-195	1512
EJW10892.1|Rhodovulum_sp._1	nifH	NZ_AKZI01000081.1_39	anfH	100	276	0	0	1	276	1	276	5.54e-186	1430
EJZ16722.1|Rhizobium_sp._1	nifH	NZ_CP020950.1_341	nifH	90	329	0	1	1	329	1	297	4.75e-188	1460
EJZ33915.1|Bradyrhizobium_sp._1	nifH	NZ_AUEZ01000168.1_6	nifH	78	237	12	1	1	198	1	237	1.39e-114	910
EKA93939.1|Fusobacterium_periodonticum_1	nifH	JAHEQA010000004.1_117	nflH	51	280	130	4	1	276	1	277	1.07e-88	725
EKB32362.1|Sutterella_wadsworthensis_1	nifH	CAKQHC010000022.1_8	nflH	53	291	103	6	1	289	1	258	6e-84	690
EKE03493.1|uncultured_bacterium_1	nifH	PMWA01000070.1_6	nflH	51	290	119	7	1	290	1	267	5.55e-81	669
EKF86281.1|Methanobacterium_formicicum_1	nifH	NZ_AMPO01000003.1_188	nflH	100	264	0	0	1	264	1	264	1.12e-174	1349
EKF87100.1|Methanobacterium_formicicum_1	nifH	NC_015216.1_1812	anfH	75	275	21	1	1	228	1	275	1.83e-133	1044
EKN58682.1|Pseudomonas_stutzeri_1	nifH	NZ_KK020677.1_671	nifH	100	293	0	0	1	293	1	293	8.61e-193	1491
EKO38948.1|Desulfovibrio_magneticus_1	nifH	ALAO01000189.1_15	anfH	100	266	0	0	1	266	1	266	1.06e-180	1390
EKQ52081.1|water_sample)_1	nifH	CP099988.1_2314	anfH	74	275	24	1	1	228	1	275	1.12e-131	1031
EKQ52375.1|Clostridium_sp._1	nifH	DJJR01000063.1_30	anfH	65	275	36	1	1	215	1	275	1.23e-111	884
EKQ53818.1|Clostridium_sp._1	nifH	NZ_CP073653.1_611	nifH	88	284	29	1	1	278	1	284	2.07e-161	1261
EKQ55605.1|water_sample)_1	nifH	AMGN01000004.1_19	nflH	100	265	0	0	1	265	1	265	8.56e-175	1350
EKQ58112.1|Clostridium_sp._1	nifH	NZ_CP073653.1_611	nifH	75	284	12	2	1	225	1	284	1.71e-128	1017
EKQ67142.1|Oscillatoriales_cyanobacterium_1	nifH	KL662192.1_73	nifH	94	298	18	0	1	298	1	298	6.22e-186	1442
EKU77481.1|Veillonella_ratti_1	nifH	DUGV01000259.1_7	nflH	58	276	107	5	1	272	1	272	6.71e-103	828
EKV00060.1|Leptolyngbya_sp._1	nifH	NZ_JACJRQ010000032.1_53	vnfH	81	297	50	1	1	292	1	297	4.65e-160	1240
EKV30731.1|Caenispirillum_salinarum_1	nifH	NZ_ANHY01000007.1_47	nifH	100	294	0	0	1	294	1	294	1.15e-191	1483
EKX99811.1|Selenomonas_sp._1	nifH	NZ_QFFZ01000025.1_39	nifH	59	274	106	4	1	271	1	271	1.65e-103	838
ELP57660.1|Clostridium_pasteurianum_1	nifH	NZ_CP009268.1_1372	nifH	100	273	0	0	1	273	1	273	1.94e-180	1398
ELR91185.1|Leptolyngbya_sp._1	nifH	JAHHHC010000005.1_41	vnfH	82	296	48	1	1	291	1	296	1.14e-159	1237
ELS00719.1|Xenococcus_sp._1	nifH	NZ_ALVZ01000230.1_6	nifH	85	290	0	1	1	246	1	290	8.64e-153	1196
EME68108.1|Magnetospirillum_sp._1	nifH	NZ_AONQ01000082.1_10	nifH	100	294	0	0	1	294	1	294	1.35e-193	1497
EMS71146.1|Clostridium_termitidis_1	nifH	JAEZKS010000250.1_8	nflH	62	319	90	3	1	292	1	316	1.86e-124	990
EMS71272.1|Clostridium_termitidis_1	nifH	NZ_AORV01000040.1_21	anfH	79	274	0	1	1	217	1	274	5.57e-135	1054
EMS71416.1|Clostridium_termitidis_1	nifH	NZ_JHYD01000046.1_43	nifH	100	272	0	0	1	272	1	272	2.32e-179	1390
ENN96061.1|Methanocaldococcus_villosus_1	nifH	NZ_AQUK01000001.1_647	nflH	80	274	0	1	1	219	1	274	2.69e-133	1045
EOC99423.1|Clostridiaceae_bacterium_1	nifH	JAFACY010000242.1_5	ChIl	65	257	85	1	1	257	1	253	2.83e-109	877
EOR94282.1|Arcticibacter_svalbardensis_1	nifH	NZ_AQPN01000090.1_41	nifH	100	274	0	0	1	274	1	274	1.61e-181	1406
EOS26764.1|Lachnospiraceae_bacterium_1	nifH	VSNY01000047.1_2	nifH	100	282	0	0	1	282	1	282	5.55e-187	1447
EOS72966.1|Dorea_sp._1	nifH	DEPS01000139.1_36	nflH	54	279	99	3	1	251	1	277	1.12e-92	752
EOS81066.1|Dorea_sp._1	nifH	DEPS01000139.1_36	nflH	51	277	103	3	1	245	1	277	3.17e-88	719
EPF27457.1|Treponema_socranskii_1	nifH	DARO01000003.1_26	nflH	62	264	89	4	1	260	1	258	5.37e-104	834
EPF31284.1|Treponema_maltophilum_1	nifH	JAEDGA010000021.1_4	nflH	58	260	102	1	1	252	1	260	1.01e-98	795
EPP15687.1|Megasphaera_sp._1	nifH	DEPS01000139.1_36	nflH	57	277	91	3	1	248	1	277	1.46e-99	802
EPR32344.1|Desulfovibrio_alkalitolerans_1	nifH	NZ_ATHI01000027.1_73	nifH	100	274	0	0	1	274	1	274	8.57e-182	1408
EPR42537.1|Desulfovibrio_sp._1	nifH	NZ_ATHV01000020.1_10	nifH	100	274	0	0	1	274	1	274	4.54e-182	1410
EPY00584.1|Phaeospirillum_fulvum_1	nifH	NZ_AQPH01000081.1_15	anfH	100	275	0	0	1	275	1	275	1.08e-186	1435
EPY01003.1|Phaeospirillum_fulvum_1	nifH	NZ_AQPH01000057.1_26	nifH	100	292	0	0	1	292	1	292	3.16e-193	1494
EPZ58109.1|Clostridium_sordellii_1	nifH	DARO01000003.1_26	nflH	59	260	94	3	1	249	1	258	1.27e-95	772
EQB25852.1|Sporomusa_ovata_1	nifH	DSDF01000018.1_8	nflH	61	273	100	4	1	270	1	270	4.27e-106	851
EQB27148.1|Sporomusa_ovata_1	nifH	NZ_ASXP01000002.1_39	nifH	100	275	0	0	1	275	1	275	1.24e-181	1407
EQD24965.1|Leptospirillum_sp._1	nifH	JAKADN010000070.1_6	nifH	88	291	24	2	1	281	1	291	3.51e-168	1311
EQF25001.1|Clostridium_difficile_1	nifH	DARO01000003.1_26	nflH	57	260	99	3	1	249	1	258	1.45e-93	757
GAD03531.1|Agarivorans_albus_1	nifH	JAGRHA010000290.1_18	nifH	89	293	32	1	1	292	1	293	7e-172	1339
NP_106489.1|Mesorhizobium_loti_1	nifH	AP017605.1_5206	nifH	100	297	0	0	1	297	1	297	1.25e-194	1505
NP_247874.1|Methanocaldococcus_jannaschii_1	nifH	NC_000909.1_942	nflH	100	279	0	0	1	279	1	279	9.11e-186	1432
NP_275785.1|(Methanobacterium_thermoautotrophicum_1	nifH	NC_000916.1_622	nflH	100	265	0	0	1	265	1	265	1.75e-175	1355
NP_276673.1|(Methanobacterium_thermoautotrophicum_1	nifH	PLXT01000077.1_54	anfH	65	275	37	1	1	217	1	275	9.84e-116	914
NP_603210.1|Fusobacterium_nucleatum_1	nifH	NZ_CP022242.1_655	nflH	50	281	131	4	1	276	1	276	5.04e-88	720
NP_987267.1|Methanococcus_maripaludis_1	nifH	NZ_CP026606.1_930	nflH	99	313	3	0	1	313	1	313	1.64e-205	1581
YP_002457845.1|Desulfitobacterium_hafniense_1	nifH	JAEZKS010000250.1_8	nflH	53	318	85	4	1	256	1	316	4.75e-100	809
YP_004546943.1|Desulfotomaculum_ruminis_1	nifH	NC_015589.1_3474	nifH	100	272	0	0	1	272	1	272	6.53e-180	1394
YP_008430313.1|Thermococcus_litoralis_1	nifH	JAFACY010000242.1_5	ChIl	55	253	110	3	1	249	1	253	1.11e-81	675
ZP_00048084.1|Magnetospirillum_magnetotacticum_1	nifH	NZ_BPRD01000001.1_2	ChIl	54	297	8	3	1	167	1	297	5.6e-81	666
ZP_02618040.1|Clostridium_botulinum_1	nifH	DARO01000003.1_26	nflH	64	259	82	3	1	249	1	258	5.22e-100	804
ZP_03517290.1|Rhizobium_etli_1	nifH	NZ_MXPU01000067.1_1	nifH	79	265	13	5	1	231	1	257	2.7e-124	985
ZP_05403609.1|Mitsuokella_multacida_1	nifH	DEPS01000139.1_36	nflH	65	280	69	2	1	254	1	277	1.46e-111	890
ZP_05633122.1|Fusobacterium_ulcerans_1	nifH	DARO01000003.1_26	nflH	58	263	95	5	1	253	1	258	1.03e-95	773
ZP_05732897.1|Dialister_invisus_1	nifH	JAKLEQ010000029.1_13	nflH	59	274	106	3	1	272	1	270	8.02e-102	820
ZP_06145196.1|Ruminococcus_flavefaciens_1	nifH	ACOK01000116.1_47	nifH	100	285	0	0	1	285	1	285	7.66e-189	1461
ZP_09716421.1|Treponema_primitia_1	nifH	NZ_AEEA01000019.1_78	anfH	100	274	0	0	1	274	1	274	3.08e-184	1417
ZP_09717077.1|Treponema_primitia_1	nifH	NZ_AUJE01000005.1_95	nifH	85	285	43	0	1	285	1	285	2.97e-159	1246
ZP_09718327.1|Treponema_primitia_1	nifH	NZ_AEEA01000066.1_60	nifH	100	274	0	0	1	274	1	274	1.18e-181	1407
ZP_09718583.1|Treponema_primitia_1	nifH	JAEZKS010000250.1_8	nflH	63	319	87	4	1	291	1	316	5.87e-123	979
ZP_10774019.1|Clostridium_arbusti_1	nifH	NZ_BAEV01000046.1_24	nifH	93	273	19	1	1	272	1	273	6.31e-168	1307
ZP_10774725.1|Clostridium_arbusti_1	nifH	NZ_BAEV01000046.1_24	nifH	100	273	0	0	1	273	1	273	9.44e-180	1393
ZP_10775905.1|Clostridium_arbusti_1	nifH	NZ_BAEV01000046.1_24	nifH	94	273	17	0	1	273	1	273	2.16e-170	1325
ZP_10775913.1|Clostridium_arbusti_1	nifH	NZ_CP009268.1_1372	nifH	93	273	18	1	1	272	1	273	2.24e-167	1303
